CPU_perc,Mem_perc,cpu_freq_MHz,disk_read_MBps,disk_write_MBps,net_sent_MBps,net_recv_MBps,anomaly_label,anomaly_score
-0.0150544468682964,-0.8480368597359162,0.1301889109808214,-0.2512420296785053,-0.3307432794195085,-0.50925270128625,-0.5006896844525033,1,0.30451265764277047
-0.6876999452389734,-0.6238861479114476,0.1301889109808214,-0.2512420296785053,-0.2781304656289866,3.112099841193749,1.366288799946661,1,0.10214832978455857
-0.9567581445872442,-0.8480368597359162,0.1301889109808214,-0.2512420296785053,0.0056598633017076,-0.50925270128625,-0.3309643676889428,1,0.25324039965709694
-1.0912872442613797,-0.8480368597359162,0.1301889109808214,-0.2512420296785053,-0.2940737425352053,-0.50925270128625,-0.5006896844525033,1,0.30169644142610974
-1.148942572693152,-0.8480368597359162,0.1301889109808214,-0.2512420296785053,-0.2454467479712381,-0.50925270128625,-0.5006896844525033,1,0.29091349497669466
-0.6876999452389734,-1.0721875715604168,0.1301889109808214,-0.2512420296785053,-0.388936240127207,-0.50925270128625,-0.5006896844525033,1,0.29929548151885127
-1.1105056870719705,-1.0721875715604168,0.1301889109808214,-0.2512420296785053,-0.29805956176176,-0.50925270128625,-0.3309643676889428,1,0.27654499258320475
-1.0720688014507889,-1.0721875715604168,0.1301889109808214,-0.2512420296785053,-0.3403092455632398,-0.50925270128625,-0.3309643676889428,1,0.28033372885104646
-0.8414474877236997,-1.0721875715604168,0.1301889109808214,-0.2512420296785053,-0.3203801494304663,-0.28291816738125,-0.5006896844525033,1,0.2738840317430089
-0.6108261739966102,-1.0721875715604168,0.1301889109808214,-0.2512420296785053,-0.415242647022468,0.3960854343337499,0.5176622161288592,1,0.20193747226367642
-0.7261368308601548,-1.0721875715604168,0.1301889109808214,-0.2223586052597954,-0.1864566234182286,-0.28291816738125,-0.1612390509253824,1,0.22280484964227254
-1.0144134730190164,-1.0721875715604168,0.1301889109808214,-0.237237945111858,0.0160229932907498,-0.50925270128625,-0.5006896844525033,1,0.25495488242391273
-0.2072388749742041,-1.0721875715604168,0.1301889109808214,-0.237237945111858,0.0024712079204639,-0.50925270128625,-0.5006896844525033,1,0.2565211243685394
0.0233824387528849,-1.0721875715604168,0.1301889109808214,-0.2512420296785053,-0.3339319348007523,-0.50925270128625,-0.5006896844525033,1,0.2970283600527896
-1.148942572693152,-1.0721875715604168,0.1301889109808214,-0.2512420296785053,-0.29805956176176,-0.50925270128625,-0.5006896844525033,1,0.2941928777659421
-0.9759765873978348,-1.0721875715604168,0.1301889109808214,-0.237237945111858,-0.206385719551002,-0.50925270128625,-0.5006896844525033,1,0.2791262188808602
-0.7645737164813365,-1.0721875715604168,0.1301889109808214,-0.2512420296785053,-0.3140028386679788,-0.50925270128625,-0.5006896844525033,1,0.30341359522035427
-1.0912872442613797,-1.0721875715604168,0.1301889109808214,-0.2512420296785053,-0.415242647022468,-0.50925270128625,-0.5006896844525033,1,0.28800334321579807
-0.6876999452389734,-1.0721875715604168,0.1301889109808214,-0.2512420296785053,-0.3626298332319461,-0.50925270128625,-0.5006896844525033,1,0.303176934813646
-0.3033310890271579,-0.8480368597359162,0.1301889109808214,-0.2512420296785053,-0.3044368725242475,-0.50925270128625,-0.5006896844525033,1,0.30483749312739317
-0.7069183880495641,-0.8480368597359162,0.1301889109808214,-0.2512420296785053,-0.3203801494304663,1.3014235699537495,0.85711284965598,1,0.19490270472126364
-1.0720688014507889,-0.8480368597359162,0.1301889109808214,-0.2512420296785053,-0.3992993701162493,-0.50925270128625,-0.5006896844525033,1,0.295447844814308
-1.0144134730190164,-0.8480368597359162,0.1301889109808214,-0.2512420296785053,-0.3140028386679788,-0.50925270128625,-0.5006896844525033,1,0.3013934279880232
-1.0912872442613797,-0.8480368597359162,0.1301889109808214,-0.1365835872890812,-0.1346409734730176,-0.50925270128625,-0.5006896844525033,1,0.2133410496773433
-0.9567581445872442,-0.8480368597359162,0.1301889109808214,-0.2512420296785053,-0.415242647022468,-0.50925270128625,-0.5006896844525033,1,0.2956295413644897
-0.0919282181106595,0.0485659875619905,0.1301889109808214,-0.1759700751327765,-0.1864566234182286,1.7540926377637496,1.705739433473782,1,0.10870958614422499
-0.7069183880495641,0.0485659875619905,0.1301889109808214,-0.2512420296785053,-0.2518240587337256,-0.50925270128625,-0.3309643676889428,1,0.27389844371579986
0.042600881563476,0.0485659875619905,0.1301889109808214,-0.2503667743930898,-0.3395120817179289,0.8487545021437498,0.6873875328924196,1,0.23064562080267637
1.061178350524787,0.2727166993864911,0.1301889109808214,-0.2512420296785053,-0.2486354033524818,-0.28291816738125,-0.3309643676889428,1,0.24560861482064955
0.2347853096693837,0.2727166993864911,0.1301889109808214,-0.237237945111858,-0.2095743749322458,0.3960854343337499,0.3479368993652988,1,0.2507093257489139
1.9836636054331436,0.9451688348599292,0.1301889109808214,-0.2512420296785053,0.1395833893139453,0.6224199682387498,0.3479368993652988,1,0.137956541512129
3.674886572765133,2.514223817631306,0.1301889109808214,-0.2512420296785053,-0.1569615611417238,4.24377251071875,1.0268381664195405,1,0.0005074342591186998
3.86707100087104,2.514223817631306,0.1301889109808214,1.842368613035254,-0.2031970641697583,3.112099841193749,4.421344501690749,-1,-0.05459667124452905
0.1771299812376112,2.290073105806805,-7.68114574786861,-0.237237945111858,0.7996350532314026,-0.50925270128625,-0.5006896844525033,1,0.009191360232449819
1.1380521217671498,1.841771682157868,0.1301889109808214,-0.2153565629764718,-0.2295034710650193,0.8487545021437498,1.366288799946661,1,0.1272782416687388
0.2347853096693837,1.3934702585088985,0.1301889109808214,-0.2512420296785053,0.0351549255782123,-0.50925270128625,-0.5006896844525033,1,0.25221815287951116
0.5230619518282453,0.2727166993864911,0.1301889109808214,-0.2048534995514864,-0.415242647022468,-0.50925270128625,-0.5006896844525033,1,0.2583252729248662
0.1002562099952481,0.2727166993864911,0.1301889109808214,-0.2512420296785053,0.1722671069716938,-0.05658363347625,-0.1612390509253824,1,0.23800647109493178
0.2155668668587927,0.2727166993864911,0.1301889109808214,-0.2512420296785053,-0.1928339341807161,-0.50925270128625,0.1782115826017384,1,0.27419387981215115
0.1579115384270206,0.2727166993864911,0.1301889109808214,-0.2512420296785053,-0.2613900248774569,-0.50925270128625,-0.5006896844525033,1,0.3092856739341364
0.1194746528058388,0.0485659875619905,0.1301889109808214,-0.2512420296785053,-0.415242647022468,0.8487545021437498,0.5176622161288592,1,0.22794120547601
0.1771299812376112,-0.1755847242624782,0.1301889109808214,-0.2512420296785053,-0.1768906572744973,-0.50925270128625,-0.5006896844525033,1,0.30749975083105047
1.0227414649036048,-0.1755847242624782,0.1301889109808214,5.732003101421521,5.011848811854403,-0.50925270128625,-0.5006896844525033,-1,-0.00964125092325574
1.0035230220930145,-0.1755847242624782,0.1301889109808214,1.9719063952767413,3.313889821342104,-0.50925270128625,-0.5006896844525033,1,0.0840029737855087
0.2540037524799744,-0.1755847242624782,0.1301889109808214,-0.2512420296785053,-0.3793702739834758,-0.50925270128625,-0.5006896844525033,1,0.3050683261191605
-0.0150544468682964,-0.3997354360869469,0.1301889109808214,-0.2512420296785053,-0.1346409734730176,-0.50925270128625,-0.5006896844525033,1,0.2985586731474115
0.5807172802600178,-0.1755847242624782,0.1301889109808214,-0.2512420296785053,-0.1896452787994724,-0.50925270128625,-0.5006896844525033,1,0.2946388646628924
1.4263287639260114,0.9451688348599292,0.1301889109808214,4.065517037990501,4.319113430279198,-0.05658363347625,4.421344501690749,-1,-0.05215787944991823
0.2732221952905651,1.169319546684398,0.1301889109808214,-0.2512420296785053,-0.310814183286735,1.0750890360487495,0.85711284965598,1,0.2194709157021536
-0.0150544468682964,1.169319546684398,0.1301889109808214,-0.2512420296785053,-0.2908850871539615,-0.50925270128625,-0.5006896844525033,1,0.2876772225371009
0.2732221952905651,0.9451688348599292,0.1301889109808214,-0.237237945111858,0.3484403167854113,-0.50925270128625,-0.5006896844525033,1,0.23955584798336382
0.2540037524799744,0.9451688348599292,0.1301889109808214,-0.2512420296785053,-0.2454467479712381,1.7540926377637496,0.5176622161288592,1,0.2081723100807945
0.4269697377752914,0.9451688348599292,0.1301889109808214,-0.2512420296785053,-0.2717531548664991,-0.50925270128625,-0.5006896844525033,1,0.29591821602228996
0.196348424048202,0.9451688348599292,0.1301889109808214,-0.2512420296785053,-0.3594411778507023,-0.50925270128625,-0.3309643676889428,1,0.2889995555837363
0.3308775237223376,0.9451688348599292,0.1301889109808214,-0.2512420296785053,-0.3626298332319461,-0.50925270128625,-0.3309643676889428,1,0.2858231146737531
0.0618193243740667,0.9451688348599292,0.1301889109808214,-0.2512420296785053,-0.2717531548664991,-0.50925270128625,-0.5006896844525033,1,0.29987323576065145
0.1194746528058388,0.9451688348599292,0.1301889109808214,-0.2407389662535199,-0.415242647022468,-0.28291816738125,-0.3309643676889428,1,0.2509090932298018
0.2540037524799744,0.7210181230354604,0.1301889109808214,-0.2512420296785053,-0.3594411778507023,-0.50925270128625,-0.5006896844525033,1,0.2988765728306564
0.3116590809117465,0.7210181230354604,0.1301889109808214,-0.1899741596994237,-0.1242778434839754,0.3960854343337499,-0.5006896844525033,1,0.2220333447059168
0.2924406381011558,0.7210181230354604,0.1301889109808214,-0.2512420296785053,-0.2454467479712381,0.3960854343337499,0.85711284965598,1,0.23949086535456793
