Time-(numerical),Time-(readable),CPU_perc,Mem_perc,cpu_freq_MHz,disk_read_MBps,disk_write_MBps,net_sent_MBps,net_recv_MBps,trigger_ctx
1760381942.5971599,2025-10-13T13:59:02,23.9,85.4,1711.0,0.328,0.0,0.0,0.003,System Idle Process cpu=0.0% mem=0.0% (pid=0); System cpu=0.0% mem=0.0% (pid=4);  cpu=0.0% mem=0.4% (pid=236)
1760381946.1031308,2025-10-13T13:59:06,21.2,85.4,1711.0,1.425,1.675,0.001,0.002,System Idle Process cpu=1269.7% mem=0.0% (pid=0); OneDrive.exe cpu=182.6% mem=3.0% (pid=20416); python.exe cpu=67.5% mem=0.4% (pid=9536)
1760381949.8027225,2025-10-13T13:59:09,18.6,85.5,1711.0,1.274,11.301,0.01,0.007,System Idle Process cpu=1306.6% mem=0.0% (pid=0); OneDrive.exe cpu=170.7% mem=3.0% (pid=20416); python.exe cpu=67.4% mem=0.4% (pid=9536)
1760381953.317071,2025-10-13T13:59:13,19.5,85.3,1711.0,0.188,0.774,0.002,0.003,System Idle Process cpu=1295.1% mem=0.0% (pid=0); OneDrive.exe cpu=191.5% mem=3.0% (pid=20416); python.exe cpu=66.7% mem=0.4% (pid=9536)
1760381956.9246912,2025-10-13T13:59:16,20.1,85.2,1711.0,0.037,0.578,0.006,0.009,System Idle Process cpu=1283.9% mem=0.0% (pid=0); OneDrive.exe cpu=187.3% mem=3.0% (pid=20416); python.exe cpu=69.8% mem=0.4% (pid=9536)
1760381960.7516701,2025-10-13T13:59:20,36.4,86.2,1711.0,4.153,1.335,0.042,0.108,System Idle Process cpu=1028.3% mem=0.0% (pid=0); OneDrive.exe cpu=188.1% mem=3.0% (pid=20416); python.exe cpu=70.6% mem=0.4% (pid=9536)
1760381964.3959396,2025-10-13T13:59:24,46.3,87.4,1711.0,13.642,9.654,0.135,1.955,System Idle Process cpu=865.9% mem=0.0% (pid=0); OneDrive.exe cpu=192.1% mem=3.0% (pid=20416); chrome.exe cpu=81.5% mem=1.9% (pid=26428)
1760381967.9671576,2025-10-13T13:59:27,41.4,88.3,1711.0,10.542,20.399,0.087,0.391,System Idle Process cpu=954.4% mem=0.0% (pid=0); OneDrive.exe cpu=185.9% mem=3.0% (pid=20416); python.exe cpu=68.1% mem=0.4% (pid=9536)
1760381971.4520075,2025-10-13T13:59:31,27.3,88.0,1711.0,0.27,3.793,0.014,0.086,System Idle Process cpu=1187.5% mem=0.0% (pid=0); OneDrive.exe cpu=182.3% mem=3.0% (pid=20416); python.exe cpu=67.0% mem=0.4% (pid=9536)
1760381974.8802447,2025-10-13T13:59:34,25.0,87.6,1711.0,0.02,0.754,0.007,0.012,System Idle Process cpu=1220.2% mem=0.0% (pid=0); OneDrive.exe cpu=186.9% mem=3.0% (pid=20416); python.exe cpu=67.2% mem=0.4% (pid=9536)
1760381978.121499,2025-10-13T13:59:38,24.2,87.5,1711.0,0.061,1.196,0.001,0.001,System Idle Process cpu=1222.7% mem=0.0% (pid=0); OneDrive.exe cpu=185.0% mem=3.0% (pid=20416); python.exe cpu=66.4% mem=0.4% (pid=9536)
1760381981.573376,2025-10-13T13:59:41,25.0,87.5,1711.0,0.36,1.647,0.015,0.15,System Idle Process cpu=1207.8% mem=0.0% (pid=0); OneDrive.exe cpu=188.6% mem=3.0% (pid=20416); python.exe cpu=67.8% mem=0.4% (pid=9536)
1760381985.042992,2025-10-13T13:59:45,21.5,87.5,1466.0,0.18,1.221,0.001,0.001,System Idle Process cpu=1269.8% mem=0.0% (pid=0); OneDrive.exe cpu=185.3% mem=3.0% (pid=20416); python.exe cpu=67.5% mem=0.4% (pid=9536)
1760381988.600361,2025-10-13T13:59:48,24.1,87.2,1711.0,0.123,1.315,0.001,0.001,System Idle Process cpu=1230.9% mem=0.0% (pid=0); OneDrive.exe cpu=183.3% mem=3.0% (pid=20416); python.exe cpu=68.1% mem=0.4% (pid=9536)
1760381992.0475163,2025-10-13T13:59:52,21.2,87.3,1711.0,0.004,1.016,0.001,0.002,System Idle Process cpu=1279.4% mem=0.0% (pid=0); OneDrive.exe cpu=181.1% mem=3.0% (pid=20416); python.exe cpu=67.5% mem=0.4% (pid=9536)
1760381995.5242343,2025-10-13T13:59:55,39.5,88.0,1711.0,4.102,3.916,0.087,1.293,System Idle Process cpu=976.9% mem=0.0% (pid=0); OneDrive.exe cpu=198.3% mem=3.0% (pid=20416); chrome.exe cpu=75.7% mem=2.1% (pid=28992)
1760381999.0680435,2025-10-13T13:59:59,41.6,88.0,1711.0,2.393,9.445,0.038,0.292,System Idle Process cpu=955.6% mem=0.0% (pid=0); OneDrive.exe cpu=186.7% mem=3.0% (pid=20416); python.exe cpu=67.6% mem=0.4% (pid=9536)
1760382002.5533333,2025-10-13T14:00:02,33.2,88.9,1711.0,5.411,4.067,0.084,1.136,System Idle Process cpu=1085.2% mem=0.0% (pid=0); OneDrive.exe cpu=187.5% mem=3.0% (pid=20416); python.exe cpu=70.0% mem=0.4% (pid=9536)
1760382006.1737545,2025-10-13T14:00:06,27.0,88.8,1466.0,0.95,4.567,0.01,0.058,System Idle Process cpu=1188.3% mem=0.0% (pid=0); OneDrive.exe cpu=184.4% mem=3.0% (pid=20416); python.exe cpu=67.6% mem=0.4% (pid=9536)
1760382009.6812303,2025-10-13T14:00:09,26.5,88.6,1711.0,0.123,1.7,0.018,0.013,System Idle Process cpu=1189.3% mem=0.0% (pid=0); OneDrive.exe cpu=184.8% mem=3.0% (pid=20416); python.exe cpu=67.0% mem=0.4% (pid=9536)
1760382013.1517017,2025-10-13T14:00:13,32.8,89.3,1711.0,3.088,2.126,0.057,0.835,System Idle Process cpu=1087.2% mem=0.0% (pid=0); OneDrive.exe cpu=182.6% mem=3.0% (pid=20416); python.exe cpu=69.6% mem=0.4% (pid=9536)
1760382016.735638,2025-10-13T14:00:16,26.8,89.2,1711.0,2.585,2.617,0.024,0.152,System Idle Process cpu=1190.3% mem=0.0% (pid=0); OneDrive.exe cpu=180.7% mem=3.1% (pid=20416); python.exe cpu=66.6% mem=0.4% (pid=9536)
1760382020.1776252,2025-10-13T14:00:20,27.9,89.1,1711.0,0.426,2.425,0.023,0.221,System Idle Process cpu=1166.8% mem=0.0% (pid=0); OneDrive.exe cpu=184.2% mem=3.1% (pid=20416); python.exe cpu=69.2% mem=0.4% (pid=9536)
1760382023.5702152,2025-10-13T14:00:23,29.4,89.3,1711.0,0.524,2.904,0.019,0.026,System Idle Process cpu=1144.8% mem=0.0% (pid=0); OneDrive.exe cpu=185.2% mem=3.1% (pid=20416); chrome.exe cpu=91.7% mem=2.9% (pid=28992)
1760382027.2396727,2025-10-13T14:00:27,42.3,89.7,1711.0,5.55,7.819,0.103,0.789,System Idle Process cpu=945.7% mem=0.0% (pid=0); OneDrive.exe cpu=176.2% mem=3.1% (pid=20416); python.exe cpu=72.0% mem=0.4% (pid=9536)
1760382031.0102527,2025-10-13T14:00:31,37.4,89.8,1711.0,1.061,4.362,0.05,0.351,System Idle Process cpu=1016.9% mem=0.0% (pid=0); OneDrive.exe cpu=164.3% mem=3.1% (pid=20416); python.exe cpu=69.7% mem=0.4% (pid=9536)
1760382034.9175842,2025-10-13T14:00:34,34.4,90.5,1711.0,1.454,5.063,0.095,0.859,System Idle Process cpu=1076.8% mem=0.0% (pid=0); OneDrive.exe cpu=152.4% mem=3.1% (pid=20416); python.exe cpu=63.8% mem=0.4% (pid=9536)
1760382038.9010894,2025-10-13T14:00:38,46.1,90.6,1711.0,1.565,7.25,0.046,0.764,System Idle Process cpu=888.6% mem=0.0% (pid=0); OneDrive.exe cpu=165.8% mem=3.1% (pid=20416); python.exe cpu=67.3% mem=0.4% (pid=9536)
1760382042.473122,2025-10-13T14:00:42,41.4,90.2,1711.0,0.516,5.202,0.016,0.031,System Idle Process cpu=960.4% mem=0.0% (pid=0); OneDrive.exe cpu=157.4% mem=3.1% (pid=20416); python.exe cpu=69.8% mem=0.4% (pid=9536)
1760382046.312104,2025-10-13T14:00:46,37.8,90.8,1711.0,2.826,5.898,0.066,1.051,System Idle Process cpu=1019.0% mem=0.0% (pid=0); OneDrive.exe cpu=146.9% mem=3.1% (pid=20416); python.exe cpu=66.0% mem=0.4% (pid=9536)
1760382050.2394824,2025-10-13T14:00:50,46.1,90.9,1711.0,5.19,7.729,0.09,1.746,System Idle Process cpu=882.6% mem=0.0% (pid=0); OneDrive.exe cpu=151.5% mem=3.1% (pid=20416); chrome.exe cpu=74.2% mem=3.1% (pid=28992)
1760382054.0305524,2025-10-13T14:00:54,44.0,91.2,1711.0,1.253,9.318,0.06,1.534,System Idle Process cpu=908.0% mem=0.0% (pid=0); OneDrive.exe cpu=147.9% mem=3.1% (pid=20416); chrome.exe cpu=96.7% mem=1.9% (pid=26428)
1760382057.8614178,2025-10-13T14:00:57,51.5,92.1,1711.0,2.024,12.046,0.114,1.65,System Idle Process cpu=811.6% mem=0.0% (pid=0); OneDrive.exe cpu=150.5% mem=3.1% (pid=20416); chrome.exe cpu=77.0% mem=1.5% (pid=17728)
1760382061.6139398,2025-10-13T14:01:01,39.5,90.8,1711.0,0.84,4.956,0.02,0.05,System Idle Process cpu=989.2% mem=0.0% (pid=0); OneDrive.exe cpu=159.0% mem=3.1% (pid=20416); chrome.exe cpu=87.7% mem=2.7% (pid=28992)
1760382065.4336073,2025-10-13T14:01:05,51.6,91.6,1711.0,1.745,5.116,0.155,1.615,System Idle Process cpu=798.0% mem=0.0% (pid=0); OneDrive.exe cpu=153.5% mem=3.1% (pid=20416); chrome.exe cpu=71.5% mem=2.8% (pid=28992)
1760382069.293907,2025-10-13T14:01:09,46.0,92.1,1711.0,2.888,6.566,0.134,1.334,System Idle Process cpu=879.0% mem=0.0% (pid=0); OneDrive.exe cpu=167.2% mem=3.1% (pid=20416); python.exe cpu=64.5% mem=0.4% (pid=9536)
1760382072.8975296,2025-10-13T14:01:12,36.4,91.6,1711.0,3.51,8.163,0.021,0.082,System Idle Process cpu=1037.1% mem=0.0% (pid=0); OneDrive.exe cpu=146.5% mem=3.1% (pid=20416); chrome.exe cpu=83.8% mem=3.0% (pid=4008)
1760382076.671621,2025-10-13T14:01:16,22.6,91.6,1711.0,0.205,4.665,0.003,0.003,System Idle Process cpu=1259.5% mem=0.0% (pid=0); OneDrive.exe cpu=188.8% mem=3.1% (pid=20416); python.exe cpu=68.0% mem=0.4% (pid=9536)
1760382080.2782526,2025-10-13T14:01:20,26.1,90.7,1466.0,0.025,0.918,0.004,0.002,System Idle Process cpu=1189.8% mem=0.0% (pid=0); OneDrive.exe cpu=184.6% mem=3.1% (pid=20416); System cpu=68.5% mem=0.0% (pid=4)
1760382083.9706793,2025-10-13T14:01:23,20.3,90.5,1711.0,0.135,1.335,0.001,0.002,System Idle Process cpu=1282.9% mem=0.0% (pid=0); OneDrive.exe cpu=179.5% mem=3.1% (pid=20416); python.exe cpu=66.1% mem=0.4% (pid=9536)
1760382087.5650709,2025-10-13T14:01:27,24.2,90.1,1711.0,0.18,6.234,0.002,0.003,System Idle Process cpu=1218.9% mem=0.0% (pid=0); OneDrive.exe cpu=191.1% mem=3.0% (pid=20416); python.exe cpu=67.7% mem=0.4% (pid=9536)
1760382091.208718,2025-10-13T14:01:31,25.7,89.4,1711.0,0.152,3.133,0.0,0.001,System Idle Process cpu=1204.8% mem=0.0% (pid=0); OneDrive.exe cpu=185.0% mem=3.0% (pid=20416); python.exe cpu=68.5% mem=0.4% (pid=9536)
1760382094.907538,2025-10-13T14:01:34,21.5,89.2,1711.0,0.004,0.922,0.007,0.011,System Idle Process cpu=1263.3% mem=0.0% (pid=0); OneDrive.exe cpu=188.7% mem=3.0% (pid=20416); python.exe cpu=68.8% mem=0.4% (pid=9536)
1760382098.5593548,2025-10-13T14:01:38,24.3,89.1,1466.0,0.066,1.466,0.001,0.004,System Idle Process cpu=1216.5% mem=0.0% (pid=0); OneDrive.exe cpu=169.2% mem=3.0% (pid=20416); python.exe cpu=68.1% mem=0.4% (pid=9536)
1760382102.3935745,2025-10-13T14:01:42,20.9,89.1,1711.0,0.016,1.274,0.007,0.007,System Idle Process cpu=1276.9% mem=0.0% (pid=0); OneDrive.exe cpu=178.6% mem=3.0% (pid=20416); python.exe cpu=65.0% mem=0.4% (pid=9536)
1760382106.0667994,2025-10-13T14:01:46,19.3,89.1,1711.0,0.0,1.282,0.016,0.015,System Idle Process cpu=1299.5% mem=0.0% (pid=0); OneDrive.exe cpu=173.3% mem=3.0% (pid=20416); python.exe cpu=66.4% mem=0.4% (pid=9536)
1760382109.80527,2025-10-13T14:01:49,23.9,89.1,1466.0,0.07,0.983,0.001,0.001,System Idle Process cpu=1231.4% mem=0.0% (pid=0); OneDrive.exe cpu=183.0% mem=3.0% (pid=20416); chrome.exe cpu=76.8% mem=2.7% (pid=28992)
1760382113.5719955,2025-10-13T14:01:53,39.7,89.7,1711.0,2.15,7.127,0.077,0.827,System Idle Process cpu=989.7% mem=0.0% (pid=0); OneDrive.exe cpu=172.9% mem=3.0% (pid=20416); python.exe cpu=67.9% mem=0.4% (pid=9536)
1760382117.166794,2025-10-13T14:01:57,28.1,89.5,1711.0,0.111,0.811,0.001,0.002,System Idle Process cpu=1165.7% mem=0.0% (pid=0); OneDrive.exe cpu=182.5% mem=3.0% (pid=20416); python.exe cpu=65.2% mem=0.4% (pid=9536)
1760382120.9157171,2025-10-13T14:02:00,30.0,88.0,1711.0,0.643,1.942,0.006,0.008,System Idle Process cpu=1148.2% mem=0.0% (pid=0); OneDrive.exe cpu=169.5% mem=3.0% (pid=20416); python.exe cpu=67.4% mem=0.4% (pid=9536)
1760382124.59659,2025-10-13T14:02:04,26.5,86.7,1711.0,0.528,1.397,0.005,0.007,System Idle Process cpu=1197.1% mem=0.0% (pid=0); OneDrive.exe cpu=174.6% mem=3.0% (pid=20416); python.exe cpu=65.1% mem=0.4% (pid=9536)
1760382128.2113037,2025-10-13T14:02:08,22.1,86.7,1711.0,0.053,1.438,0.013,0.013,System Idle Process cpu=1269.3% mem=0.0% (pid=0); OneDrive.exe cpu=174.8% mem=3.0% (pid=20416); python.exe cpu=65.1% mem=0.4% (pid=9536)
1760382131.8169754,2025-10-13T14:02:11,22.0,86.7,1711.0,0.016,0.831,0.003,0.002,System Idle Process cpu=1272.2% mem=0.0% (pid=0); OneDrive.exe cpu=181.9% mem=3.0% (pid=20416); python.exe cpu=66.0% mem=0.4% (pid=9536)
1760382135.498255,2025-10-13T14:02:15,23.3,86.7,1711.0,0.008,3.109,0.001,0.001,System Idle Process cpu=1237.0% mem=0.0% (pid=0); OneDrive.exe cpu=178.0% mem=3.0% (pid=20416); python.exe cpu=66.4% mem=0.4% (pid=9536)
1760382139.214948,2025-10-13T14:02:19,23.5,86.7,1711.0,0.213,11.407,0.012,0.007,System Idle Process cpu=1241.7% mem=0.0% (pid=0); OneDrive.exe cpu=176.7% mem=3.0% (pid=20416); python.exe cpu=64.2% mem=0.4% (pid=9536)
1760382143.020598,2025-10-13T14:02:23,23.3,85.8,1711.0,0.004,8.753,0.008,0.009,System Idle Process cpu=1235.4% mem=0.0% (pid=0); OneDrive.exe cpu=158.3% mem=3.0% (pid=20416); python.exe cpu=60.0% mem=0.4% (pid=9536)
1760382146.6697667,2025-10-13T14:02:26,26.7,85.7,1466.0,0.057,8.393,0.008,0.006,System Idle Process cpu=1199.4% mem=0.0% (pid=0); OneDrive.exe cpu=157.4% mem=3.0% (pid=20416); python.exe cpu=62.4% mem=0.4% (pid=9536)
1760382150.4195573,2025-10-13T14:02:30,33.3,85.8,1711.0,0.135,4.227,0.009,0.034,System Idle Process cpu=1097.1% mem=0.0% (pid=0); OneDrive.exe cpu=181.9% mem=3.0% (pid=20416); python.exe cpu=62.9% mem=0.4% (pid=9536)
1760382154.084376,2025-10-13T14:02:34,29.1,86.0,1711.0,0.415,4.411,0.018,0.026,System Idle Process cpu=1144.1% mem=0.0% (pid=0); OneDrive.exe cpu=199.1% mem=3.0% (pid=20416); python.exe cpu=65.1% mem=0.4% (pid=9536)
1760382157.3160367,2025-10-13T14:02:37,25.8,86.1,1711.0,0.102,1.077,0.008,0.009,System Idle Process cpu=1193.6% mem=0.0% (pid=0); OneDrive.exe cpu=197.7% mem=3.0% (pid=20416); chrome.exe cpu=72.0% mem=0.7% (pid=30076)
1760382160.74455,2025-10-13T14:02:40,25.3,86.1,1466.0,0.102,1.331,0.001,0.001,System Idle Process cpu=1198.3% mem=0.0% (pid=0); OneDrive.exe cpu=193.6% mem=3.0% (pid=20416); python.exe cpu=69.5% mem=0.4% (pid=9536)
1760382164.2118158,2025-10-13T14:02:44,20.7,86.1,1711.0,0.016,0.872,0.001,0.001,System Idle Process cpu=1275.4% mem=0.0% (pid=0); OneDrive.exe cpu=194.4% mem=3.0% (pid=20416); python.exe cpu=69.0% mem=0.4% (pid=9536)
1760382167.6429086,2025-10-13T14:02:47,22.6,86.1,1711.0,0.004,0.262,0.006,0.003,System Idle Process cpu=1248.1% mem=0.0% (pid=0); OneDrive.exe cpu=188.3% mem=3.0% (pid=20416); python.exe cpu=68.7% mem=0.4% (pid=9536)
1760382171.0902574,2025-10-13T14:02:51,23.6,86.1,1711.0,0.217,0.68,0.006,0.013,System Idle Process cpu=1243.0% mem=0.0% (pid=0); OneDrive.exe cpu=192.8% mem=3.0% (pid=20416); python.exe cpu=69.2% mem=0.4% (pid=9536)
1760382174.5423357,2025-10-13T14:02:54,19.2,86.1,1711.0,0.0,0.487,0.004,0.01,System Idle Process cpu=1298.2% mem=0.0% (pid=0); OneDrive.exe cpu=193.3% mem=3.0% (pid=20416); python.exe cpu=66.1% mem=0.4% (pid=9536)
1760382177.9726443,2025-10-13T14:02:57,23.3,86.0,1711.0,0.222,0.295,0.005,0.006,System Idle Process cpu=1237.1% mem=0.0% (pid=0); OneDrive.exe cpu=192.7% mem=3.0% (pid=20416); python.exe cpu=68.7% mem=0.4% (pid=9536)
1760382181.4592116,2025-10-13T14:03:01,20.6,86.0,1711.0,0.033,0.709,0.005,0.009,System Idle Process cpu=1276.6% mem=0.0% (pid=0); OneDrive.exe cpu=192.4% mem=3.0% (pid=20416); python.exe cpu=67.9% mem=0.4% (pid=9536)
1760382184.9284334,2025-10-13T14:03:04,23.3,86.3,1711.0,0.119,0.377,0.01,0.013,System Idle Process cpu=1228.2% mem=0.0% (pid=0); OneDrive.exe cpu=195.1% mem=3.0% (pid=20416); python.exe cpu=70.4% mem=0.4% (pid=9536)
1760382188.5301173,2025-10-13T14:03:08,34.7,86.3,1711.0,1.954,2.105,0.05,0.039,System Idle Process cpu=1056.5% mem=0.0% (pid=0); OneDrive.exe cpu=196.7% mem=3.0% (pid=20416); python.exe cpu=69.6% mem=0.4% (pid=9536)
1760382192.063221,2025-10-13T14:03:12,28.0,86.4,1711.0,0.496,0.442,0.002,0.002,System Idle Process cpu=1172.1% mem=0.0% (pid=0); OneDrive.exe cpu=191.1% mem=3.0% (pid=20416); python.exe cpu=66.4% mem=0.4% (pid=9536)
1760382195.4871237,2025-10-13T14:03:15,22.3,86.2,1711.0,0.172,1.569,0.002,0.005,System Idle Process cpu=1257.8% mem=0.0% (pid=0); OneDrive.exe cpu=197.7% mem=3.0% (pid=20416); python.exe cpu=69.4% mem=0.4% (pid=9536)
1760382199.0923533,2025-10-13T14:03:19,34.7,86.3,1711.0,0.049,0.565,0.011,0.007,System Idle Process cpu=1049.6% mem=0.0% (pid=0); OneDrive.exe cpu=179.7% mem=3.0% (pid=20416); msedgewebview2.exe cpu=141.2% mem=1.6% (pid=14788)
1760382203.058495,2025-10-13T14:03:23,40.4,87.0,1711.0,0.033,0.426,0.014,0.015,System Idle Process cpu=973.9% mem=0.0% (pid=0); OneDrive.exe cpu=185.6% mem=3.0% (pid=20416); System cpu=73.0% mem=0.0% (pid=4)
1760382206.9222581,2025-10-13T14:03:26,32.2,86.6,1711.0,0.766,0.565,0.012,0.012,System Idle Process cpu=1110.0% mem=0.0% (pid=0); OneDrive.exe cpu=193.7% mem=3.0% (pid=20416); python.exe cpu=68.8% mem=0.4% (pid=9536)
1760382210.3205047,2025-10-13T14:03:30,29.8,85.8,1711.0,0.905,1.069,0.001,0.001,System Idle Process cpu=1132.7% mem=0.0% (pid=0); OneDrive.exe cpu=197.3% mem=3.0% (pid=20416); python.exe cpu=68.8% mem=0.4% (pid=9536)
1760382213.6800838,2025-10-13T14:03:33,24.8,85.7,1711.0,0.948,0.627,0.015,0.017,System Idle Process cpu=1225.8% mem=0.0% (pid=0); OneDrive.exe cpu=195.3% mem=3.0% (pid=20416); python.exe cpu=67.4% mem=0.4% (pid=9536)
1760382217.1257412,2025-10-13T14:03:37,26.1,85.1,1711.0,0.131,0.516,0.0,0.0,System Idle Process cpu=1200.9% mem=0.0% (pid=0); OneDrive.exe cpu=194.5% mem=3.0% (pid=20416); python.exe cpu=67.7% mem=0.4% (pid=9536)
1760382220.5632548,2025-10-13T14:03:40,28.1,85.3,1711.0,0.22,0.209,0.027,0.021,System Idle Process cpu=1166.8% mem=0.0% (pid=0); OneDrive.exe cpu=192.7% mem=3.0% (pid=20416); python.exe cpu=68.5% mem=0.4% (pid=9536)
1760382223.888444,2025-10-13T14:03:43,21.2,85.0,1711.0,0.016,0.451,0.014,0.014,System Idle Process cpu=1268.6% mem=0.0% (pid=0); OneDrive.exe cpu=195.1% mem=3.0% (pid=20416); python.exe cpu=69.3% mem=0.4% (pid=9536)
1760382227.6737397,2025-10-13T14:03:47,32.0,85.2,1711.0,16.486,1.389,0.004,0.004,System Idle Process cpu=1095.7% mem=0.0% (pid=0); OneDrive.exe cpu=194.3% mem=3.0% (pid=20416); python.exe cpu=70.8% mem=0.4% (pid=9536)
1760382231.4369552,2025-10-13T14:03:51,27.2,85.0,1466.0,0.109,0.672,0.024,0.008,System Idle Process cpu=1182.1% mem=0.0% (pid=0); OneDrive.exe cpu=192.6% mem=3.0% (pid=20416); python.exe cpu=67.1% mem=0.4% (pid=9536)
1760382234.7465653,2025-10-13T14:03:54,20.0,85.2,1711.0,3.438,0.451,0.01,0.01,System Idle Process cpu=1285.0% mem=0.0% (pid=0); OneDrive.exe cpu=194.0% mem=3.0% (pid=20416); python.exe cpu=69.8% mem=0.4% (pid=9536)
1760382238.179518,2025-10-13T14:03:58,29.2,84.7,1466.0,0.082,0.184,0.001,0.001,
1760382239.2193875,2025-10-13T14:03:59,16.0,84.9,1711.0,0.033,0.045,0.0,0.0,
1760382240.2552655,2025-10-13T14:04:00,20.3,85.0,1711.0,0.156,0.795,0.006,0.007,System Idle Process cpu=1207.2% mem=0.0% (pid=0); OneDrive.exe cpu=195.8% mem=3.0% (pid=20416); python.exe cpu=42.3% mem=0.4% (pid=9536)
1760382243.9747336,2025-10-13T14:04:03,33.7,85.1,1711.0,0.285,0.868,0.004,0.008,System Idle Process cpu=1084.8% mem=0.0% (pid=0); OneDrive.exe cpu=191.6% mem=3.0% (pid=20416); python.exe cpu=68.3% mem=0.4% (pid=9536)
1760382247.3389726,2025-10-13T14:04:07,23.4,85.0,1711.0,1.356,0.516,0.008,0.001,System Idle Process cpu=1236.2% mem=0.0% (pid=0); OneDrive.exe cpu=196.5% mem=3.0% (pid=20416); python.exe cpu=70.0% mem=0.4% (pid=9536)
1760382250.754294,2025-10-13T14:04:10,27.9,84.9,1711.0,6.947,0.373,0.005,0.006,
1760382251.7913587,2025-10-13T14:04:11,21.8,84.9,1711.0,0.049,0.557,0.0,0.0,
1760382252.8288758,2025-10-13T14:04:12,24.2,84.6,1711.0,0.0,0.025,0.0,0.0,
1760382253.8692064,2025-10-13T14:04:13,17.2,84.6,1711.0,0.0,0.045,0.0,0.0,
1760382254.9027984,2025-10-13T14:04:14,16.6,84.6,1711.0,0.008,0.115,0.0,0.0,
1760382255.936541,2025-10-13T14:04:15,17.6,84.6,1711.0,0.0,0.098,0.0,0.0,
1760382256.9720871,2025-10-13T14:04:16,17.6,84.6,1711.0,0.0,0.041,0.0,0.0,
1760382258.0119476,2025-10-13T14:04:18,17.9,84.6,1711.0,0.0,0.07,0.0,0.0,
1760382259.0334296,2025-10-13T14:04:19,20.5,84.6,1711.0,0.016,0.201,0.0,0.0,
1760382260.0749655,2025-10-13T14:04:20,24.0,84.7,1711.0,0.0,0.0,0.0,0.0,
1760382261.1130865,2025-10-13T14:04:21,18.1,84.7,1711.0,0.0,0.147,0.0,0.001,
1760382262.1431086,2025-10-13T14:04:22,17.7,84.8,1711.0,0.0,0.127,0.008,0.009,
1760382263.1752005,2025-10-13T14:04:23,19.3,84.8,1711.0,0.0,0.156,0.0,0.0,
1760382264.2147987,2025-10-13T14:04:24,20.5,84.8,1711.0,0.0,0.0,0.0,0.0,
1760382265.2483878,2025-10-13T14:04:25,20.4,84.9,1711.0,0.016,0.07,0.0,0.0,
1760382266.280635,2025-10-13T14:04:26,18.0,84.9,1711.0,0.0,0.033,0.0,0.001,
1760382267.3120906,2025-10-13T14:04:27,20.8,85.0,1711.0,0.197,0.205,0.0,0.0,System Idle Process cpu=1282.4% mem=0.0% (pid=0); OneDrive.exe cpu=193.0% mem=3.0% (pid=20416); Taskmgr.exe cpu=21.4% mem=1.1% (pid=28296)
1760382270.8811753,2025-10-13T14:04:30,28.7,85.0,1711.0,0.111,0.868,0.021,0.078,System Idle Process cpu=1157.3% mem=0.0% (pid=0); OneDrive.exe cpu=191.6% mem=3.0% (pid=20416); python.exe cpu=68.0% mem=0.4% (pid=9536)
1760382274.412336,2025-10-13T14:04:34,24.4,85.1,1711.0,0.098,0.61,0.008,0.007,System Idle Process cpu=1217.7% mem=0.0% (pid=0); OneDrive.exe cpu=191.9% mem=3.0% (pid=20416); python.exe cpu=70.1% mem=0.4% (pid=9536)
1760382278.0768251,2025-10-13T14:04:38,32.2,85.2,1711.0,0.156,1.073,0.003,0.001,System Idle Process cpu=1100.1% mem=0.0% (pid=0); OneDrive.exe cpu=194.3% mem=3.0% (pid=20416); python.exe cpu=68.1% mem=0.4% (pid=9536)
1760382281.7148411,2025-10-13T14:04:41,27.2,85.2,1711.0,0.131,1.012,0.016,0.008,System Idle Process cpu=1169.0% mem=0.0% (pid=0); OneDrive.exe cpu=191.0% mem=3.0% (pid=20416); python.exe cpu=71.2% mem=0.4% (pid=9536)
1760382285.4470305,2025-10-13T14:04:45,29.7,85.1,1711.0,0.033,0.492,0.001,0.001,System Idle Process cpu=1153.1% mem=0.0% (pid=0); OneDrive.exe cpu=193.6% mem=3.0% (pid=20416); python.exe cpu=67.9% mem=0.4% (pid=9536)
1760382288.7704415,2025-10-13T14:04:48,20.9,85.1,1711.0,0.025,1.327,0.002,0.002,System Idle Process cpu=1273.3% mem=0.0% (pid=0); OneDrive.exe cpu=194.8% mem=3.0% (pid=20416); python.exe cpu=68.2% mem=0.4% (pid=9536)
1760382292.25975,2025-10-13T14:04:52,19.0,85.0,1711.0,0.0,0.524,0.0,0.001,System Idle Process cpu=1298.1% mem=0.0% (pid=0); OneDrive.exe cpu=193.1% mem=3.0% (pid=20416); python.exe cpu=68.3% mem=0.4% (pid=9536)
1760382295.7330775,2025-10-13T14:04:55,19.6,85.0,1711.0,0.016,0.193,0.008,0.007,System Idle Process cpu=1290.8% mem=0.0% (pid=0); OneDrive.exe cpu=197.2% mem=3.0% (pid=20416); python.exe cpu=65.0% mem=0.4% (pid=9536)
1760382299.0033984,2025-10-13T14:04:59,22.7,85.0,1711.0,0.041,0.647,0.003,0.005,System Idle Process cpu=1241.7% mem=0.0% (pid=0); OneDrive.exe cpu=192.9% mem=3.0% (pid=20416); python.exe cpu=70.1% mem=0.4% (pid=9536)
1760382302.488739,2025-10-13T14:05:02,19.4,85.0,1711.0,0.0,0.426,0.001,0.004,System Idle Process cpu=1294.0% mem=0.0% (pid=0); OneDrive.exe cpu=195.7% mem=3.0% (pid=20416); python.exe cpu=67.8% mem=0.4% (pid=9536)
1760382305.981029,2025-10-13T14:05:05,19.8,85.0,1711.0,0.0,0.401,0.001,0.004,System Idle Process cpu=1288.4% mem=0.0% (pid=0); OneDrive.exe cpu=194.5% mem=3.0% (pid=20416); python.exe cpu=67.0% mem=0.4% (pid=9536)
1760382309.2350638,2025-10-13T14:05:09,20.7,85.0,1711.0,0.0,0.516,0.001,0.001,System Idle Process cpu=1269.1% mem=0.0% (pid=0); OneDrive.exe cpu=196.6% mem=3.0% (pid=20416); python.exe cpu=64.9% mem=0.4% (pid=9536)
1760382312.6947253,2025-10-13T14:05:12,20.9,85.2,1711.0,4.198,2.777,0.012,0.013,System Idle Process cpu=1272.0% mem=0.0% (pid=0); OneDrive.exe cpu=191.1% mem=3.0% (pid=20416); python.exe cpu=68.0% mem=0.4% (pid=9536)
1760382316.2070146,2025-10-13T14:05:16,19.8,85.2,1711.0,0.004,0.696,0.001,0.001,System Idle Process cpu=1286.5% mem=0.0% (pid=0); OneDrive.exe cpu=193.2% mem=3.0% (pid=20416); python.exe cpu=70.2% mem=0.4% (pid=9536)
1760382319.660375,2025-10-13T14:05:19,21.9,85.2,1711.0,0.0,0.549,0.001,0.001,System Idle Process cpu=1260.4% mem=0.0% (pid=0); OneDrive.exe cpu=193.8% mem=3.0% (pid=20416); python.exe cpu=68.0% mem=0.4% (pid=9536)
1760382323.1701214,2025-10-13T14:05:23,19.3,85.2,1711.0,0.0,0.348,0.001,0.002,System Idle Process cpu=1293.3% mem=0.0% (pid=0); OneDrive.exe cpu=191.3% mem=3.0% (pid=20416); python.exe cpu=67.0% mem=0.4% (pid=9536)
1760382326.7185822,2025-10-13T14:05:26,19.9,85.2,1466.0,0.049,1.442,0.001,0.001,System Idle Process cpu=1286.0% mem=0.0% (pid=0); OneDrive.exe cpu=193.4% mem=3.0% (pid=20416); python.exe cpu=70.2% mem=0.4% (pid=9536)
1760382330.3178072,2025-10-13T14:05:30,20.4,85.2,1711.0,0.037,0.602,0.002,0.002,System Idle Process cpu=1275.0% mem=0.0% (pid=0); OneDrive.exe cpu=192.6% mem=3.0% (pid=20416); python.exe cpu=65.0% mem=0.4% (pid=9536)
1760382333.7641227,2025-10-13T14:05:33,21.4,85.2,1711.0,0.381,0.221,0.002,0.011,System Idle Process cpu=1268.3% mem=0.0% (pid=0); OneDrive.exe cpu=195.7% mem=3.0% (pid=20416); python.exe cpu=69.5% mem=0.4% (pid=9536)
1760382337.3136485,2025-10-13T14:05:37,18.7,85.2,1711.0,0.016,0.655,0.001,0.002,System Idle Process cpu=1305.7% mem=0.0% (pid=0); OneDrive.exe cpu=195.0% mem=3.0% (pid=20416); python.exe cpu=66.3% mem=0.4% (pid=9536)
1760382340.8062608,2025-10-13T14:05:40,20.0,85.2,1711.0,0.0,0.598,0.009,0.009,System Idle Process cpu=1282.1% mem=0.0% (pid=0); OneDrive.exe cpu=196.4% mem=3.0% (pid=20416); python.exe cpu=67.1% mem=0.4% (pid=9536)
1760382344.2475958,2025-10-13T14:05:44,19.9,85.1,1711.0,0.0,0.623,0.005,0.007,System Idle Process cpu=1287.8% mem=0.0% (pid=0); OneDrive.exe cpu=190.1% mem=3.0% (pid=20416); python.exe cpu=68.4% mem=0.4% (pid=9536)
1760382347.833023,2025-10-13T14:05:47,20.9,85.1,1711.0,0.033,1.028,0.007,0.01,System Idle Process cpu=1269.2% mem=0.0% (pid=0); OneDrive.exe cpu=193.3% mem=3.0% (pid=20416); python.exe cpu=68.3% mem=0.4% (pid=9536)
1760382351.3944595,2025-10-13T14:05:51,19.6,85.1,1711.0,0.119,1.024,0.006,0.008,System Idle Process cpu=1292.2% mem=0.0% (pid=0); OneDrive.exe cpu=194.6% mem=3.0% (pid=20416); python.exe cpu=69.3% mem=0.4% (pid=9536)
1760382355.0213306,2025-10-13T14:05:55,22.8,85.3,1711.0,0.082,0.786,0.001,0.001,System Idle Process cpu=1241.0% mem=0.0% (pid=0); OneDrive.exe cpu=188.9% mem=3.0% (pid=20416); python.exe cpu=68.8% mem=0.4% (pid=9536)
1760382358.6887896,2025-10-13T14:05:58,21.8,85.2,1711.0,0.029,0.819,0.001,0.0,System Idle Process cpu=1259.3% mem=0.0% (pid=0); OneDrive.exe cpu=197.0% mem=3.0% (pid=20416); python.exe cpu=66.8% mem=0.4% (pid=9536)
1760382362.3890476,2025-10-13T14:06:02,19.7,85.2,1711.0,0.066,0.889,0.009,0.015,System Idle Process cpu=1289.6% mem=0.0% (pid=0); OneDrive.exe cpu=194.5% mem=3.0% (pid=20416); python.exe cpu=63.6% mem=0.4% (pid=9536)
1760382365.8080332,2025-10-13T14:06:05,21.1,85.2,1711.0,0.016,0.668,0.001,0.004,System Idle Process cpu=1269.8% mem=0.0% (pid=0); OneDrive.exe cpu=196.5% mem=3.0% (pid=20416); python.exe cpu=70.3% mem=0.4% (pid=9536)
1760382369.4053957,2025-10-13T14:06:09,19.5,85.2,1711.0,0.001,0.745,0.012,0.012,System Idle Process cpu=1292.7% mem=0.0% (pid=0); OneDrive.exe cpu=195.9% mem=3.0% (pid=20416); python.exe cpu=67.7% mem=0.4% (pid=9536)
1760382372.8916771,2025-10-13T14:06:12,19.2,85.2,1711.0,0.02,1.02,0.001,0.002,System Idle Process cpu=1296.9% mem=0.0% (pid=0); OneDrive.exe cpu=194.2% mem=3.0% (pid=20416); python.exe cpu=67.7% mem=0.4% (pid=9536)
1760382376.1931589,2025-10-13T14:06:16,20.8,85.2,1711.0,0.004,0.41,0.01,0.01,System Idle Process cpu=1275.3% mem=0.0% (pid=0); OneDrive.exe cpu=196.0% mem=3.0% (pid=20416); python.exe cpu=66.8% mem=0.4% (pid=9536)
1760382379.7827957,2025-10-13T14:06:19,19.3,85.2,1711.0,0.02,0.721,0.004,0.002,System Idle Process cpu=1293.4% mem=0.0% (pid=0); OneDrive.exe cpu=193.6% mem=3.0% (pid=20416); python.exe cpu=68.0% mem=0.4% (pid=9536)
1760382383.3026338,2025-10-13T14:06:23,18.7,85.1,1711.0,0.0,0.578,0.0,0.001,System Idle Process cpu=1304.9% mem=0.0% (pid=0); OneDrive.exe cpu=196.9% mem=3.0% (pid=20416); python.exe cpu=69.0% mem=0.4% (pid=9536)
1760382386.7725906,2025-10-13T14:06:26,20.9,85.1,1711.0,0.0,0.483,0.006,0.002,System Idle Process cpu=1268.2% mem=0.0% (pid=0); OneDrive.exe cpu=196.8% mem=2.7% (pid=20416); python.exe cpu=67.3% mem=0.4% (pid=9536)
1760382390.333154,2025-10-13T14:06:30,25.1,84.5,1711.0,0.037,0.987,0.007,0.008,
1760382391.36155,2025-10-13T14:06:31,20.0,84.2,1711.0,0.0,0.369,0.001,0.001,
1760382392.3894873,2025-10-13T14:06:32,17.4,83.9,1711.0,0.0,0.0,0.0,0.003,
1760382393.4206579,2025-10-13T14:06:33,17.8,83.7,1711.0,0.0,0.119,0.0,0.002,
1760382394.4483192,2025-10-13T14:06:34,18.3,83.5,1711.0,0.0,0.213,0.0,0.0,
1760382395.471661,2025-10-13T14:06:35,22.2,83.1,1711.0,0.0,0.242,0.0,0.0,
1760382396.5003405,2025-10-13T14:06:36,19.1,82.9,1711.0,0.0,0.004,0.0,0.001,
1760382397.536001,2025-10-13T14:06:37,21.0,83.1,1711.0,0.016,0.295,0.0,0.0,
1760382398.5685332,2025-10-13T14:06:38,14.6,83.1,1711.0,0.0,0.205,0.0,0.0,
1760382399.6074123,2025-10-13T14:06:39,14.4,83.1,1711.0,0.016,0.233,0.0,0.0,
1760382400.6398997,2025-10-13T14:06:40,14.0,83.0,1711.0,0.0,0.029,0.0,0.0,
1760382401.680312,2025-10-13T14:06:41,14.4,83.0,1711.0,0.0,0.283,0.0,0.001,
1760382402.713412,2025-10-13T14:06:42,21.7,83.1,1711.0,0.0,0.205,0.0,0.0,
1760382403.7450092,2025-10-13T14:06:43,23.9,83.0,1711.0,0.0,0.143,0.0,0.0,
1760382404.7720268,2025-10-13T14:06:44,17.9,83.0,1711.0,0.004,0.258,0.004,0.005,
1760382405.8062136,2025-10-13T14:06:45,14.2,83.0,1711.0,0.0,0.291,0.001,0.001,
1760382406.8395185,2025-10-13T14:06:46,14.8,83.0,1711.0,0.016,0.221,0.0,0.0,
1760382407.8731816,2025-10-13T14:06:47,15.6,83.0,1711.0,0.02,0.774,0.0,0.0,
1760382408.9147613,2025-10-13T14:06:48,19.2,83.0,1711.0,0.0,0.033,0.0,0.0,
1760382409.947236,2025-10-13T14:06:49,15.6,83.0,1711.0,0.0,0.184,0.001,0.001,
1760382410.9873774,2025-10-13T14:06:50,15.2,83.0,1711.0,0.016,0.688,0.0,0.0,
1760382412.0184467,2025-10-13T14:06:52,17.9,83.0,1711.0,0.016,0.59,0.0,0.001,
1760382413.0494516,2025-10-13T14:06:53,14.9,83.0,1711.0,0.0,0.061,0.001,0.002,
1760382414.0824685,2025-10-13T14:06:54,15.5,83.0,1711.0,0.0,0.201,0.001,0.0,
1760382415.117355,2025-10-13T14:06:55,14.2,83.0,1711.0,0.0,0.225,0.0,0.0,
1760382416.1544678,2025-10-13T14:06:56,15.6,83.0,1711.0,0.0,0.225,0.0,0.0,
1760382417.184795,2025-10-13T14:06:57,15.5,83.0,1711.0,0.016,0.287,0.0,0.0,
1760382418.2208822,2025-10-13T14:06:58,18.1,83.0,1711.0,0.549,1.171,0.0,0.0,
1760382419.253126,2025-10-13T14:06:59,14.9,83.0,1711.0,0.0,0.168,0.0,0.0,
1760382420.2890038,2025-10-13T14:07:00,19.7,83.0,1711.0,0.016,0.774,0.007,0.007,
1760382421.3232625,2025-10-13T14:07:01,16.6,83.0,1711.0,0.0,0.262,0.0,0.001,
1760382422.3569539,2025-10-13T14:07:02,16.5,83.0,1711.0,0.0,0.045,0.0,0.002,
1760382423.3913677,2025-10-13T14:07:03,14.6,83.0,1711.0,0.0,0.184,0.0,0.002,
1760382424.4252095,2025-10-13T14:07:04,14.6,83.0,1711.0,0.066,0.344,0.0,0.0,
1760382425.4655097,2025-10-13T14:07:05,14.8,83.0,1711.0,0.066,0.225,0.0,0.001,
1760382426.500143,2025-10-13T14:07:06,14.4,83.0,1711.0,0.0,0.004,0.0,0.0,
1760382427.5269325,2025-10-13T14:07:07,18.1,83.0,1711.0,0.004,0.418,0.008,0.007,
1760382428.5643246,2025-10-13T14:07:08,14.6,83.0,1711.0,0.0,0.201,0.0,0.001,
1760382429.5968678,2025-10-13T14:07:09,15.5,83.0,1711.0,0.197,0.537,0.0,0.0,
1760382430.6338098,2025-10-13T14:07:10,17.1,83.0,1711.0,0.0,0.188,0.001,0.0,
1760382431.6724458,2025-10-13T14:07:11,18.2,83.0,1711.0,0.0,0.406,0.004,0.004,
1760382432.7062175,2025-10-13T14:07:12,14.5,83.0,1711.0,0.0,0.217,0.001,0.003,
1760382433.740837,2025-10-13T14:07:13,14.8,83.0,1711.0,0.0,0.184,0.0,0.001,
1760382434.7802992,2025-10-13T14:07:14,15.6,83.0,1711.0,0.0,0.0,0.0,0.001,
1760382435.815019,2025-10-13T14:07:15,15.8,83.0,1711.0,0.082,0.479,0.005,0.006,
1760382436.8478353,2025-10-13T14:07:16,15.2,83.0,1711.0,0.033,0.426,0.0,0.0,
1760382437.8865705,2025-10-13T14:07:17,14.5,83.0,1711.0,0.0,0.197,0.0,0.0,
1760382438.9205644,2025-10-13T14:07:18,15.2,83.0,1711.0,0.0,0.061,0.0,0.0,
1760382439.956654,2025-10-13T14:07:19,15.0,83.0,1711.0,0.016,0.352,0.0,0.0,
1760382440.9920053,2025-10-13T14:07:20,15.3,83.0,1711.0,0.02,0.414,0.0,0.0,
1760382442.0252464,2025-10-13T14:07:22,16.5,83.0,1466.0,0.0,0.283,0.0,0.001,
1760382443.042159,2025-10-13T14:07:23,14.9,83.0,1711.0,0.016,0.242,0.0,0.0,
1760382444.078581,2025-10-13T14:07:24,15.2,83.0,1711.0,0.033,0.25,0.0,0.0,
1760382445.1084895,2025-10-13T14:07:25,15.4,83.0,1711.0,0.016,0.356,0.0,0.001,
1760382446.147511,2025-10-13T14:07:26,14.6,83.0,1711.0,0.0,0.254,0.001,0.0,
1760382447.1794367,2025-10-13T14:07:27,15.7,83.0,1711.0,0.004,0.164,0.001,0.0,
1760382448.2103913,2025-10-13T14:07:28,21.6,83.0,1711.0,0.291,0.0,0.0,0.0,
1760382449.249938,2025-10-13T14:07:29,20.1,83.1,1711.0,0.033,0.299,0.0,0.0,
1760382450.2801495,2025-10-13T14:07:30,20.8,83.2,1711.0,0.197,1.2,0.0,0.0,
1760382451.3203385,2025-10-13T14:07:31,18.3,83.2,1466.0,0.057,0.233,0.0,0.001,
1760382452.35148,2025-10-13T14:07:32,22.8,83.4,1711.0,0.274,0.229,0.004,0.008,
1760382453.3897612,2025-10-13T14:07:33,19.2,83.4,1711.0,0.055,0.377,0.0,0.002,
1760382454.4257355,2025-10-13T14:07:34,14.6,83.4,1711.0,0.016,0.414,0.001,0.0,
1760382455.4596496,2025-10-13T14:07:35,15.0,83.4,1711.0,0.016,0.16,0.0,0.0,
1760382456.4920375,2025-10-13T14:07:36,14.2,83.4,1711.0,0.0,0.0,0.0,0.0,
1760382457.5256698,2025-10-13T14:07:37,15.2,83.4,1711.0,0.0,0.303,0.0,0.0,
1760382458.5482504,2025-10-13T14:07:38,15.0,83.4,1711.0,0.016,0.381,0.0,0.001,
1760382459.5873032,2025-10-13T14:07:39,14.8,83.4,1711.0,0.09,1.044,0.001,0.001,
1760382460.6221929,2025-10-13T14:07:40,15.3,83.4,1711.0,0.0,0.143,0.0,0.0,
1760382461.658034,2025-10-13T14:07:41,14.6,83.4,1711.0,0.016,0.332,0.008,0.007,
1760382462.6928415,2025-10-13T14:07:42,15.9,83.4,1711.0,0.0,0.295,0.0,0.0,
1760382463.724423,2025-10-13T14:07:43,15.6,83.4,1711.0,0.0,0.266,0.0,0.0,
1760382464.758112,2025-10-13T14:07:44,22.1,83.2,1711.0,0.016,0.086,0.0,0.0,
1760382465.790138,2025-10-13T14:07:45,15.5,83.1,1711.0,0.676,0.344,0.0,0.0,
1760382466.8216753,2025-10-13T14:07:46,17.8,83.2,1711.0,0.46,0.426,0.009,0.011,
1760382467.848541,2025-10-13T14:07:47,17.5,83.2,1711.0,9.761,6.21,0.009,0.012,
1760382468.8850229,2025-10-13T14:07:48,17.4,83.2,1711.0,8.169,0.623,0.0,0.0,
1760382469.9173093,2025-10-13T14:07:49,19.8,83.2,1711.0,4.521,12.997,0.0,0.0,
1760382470.9477613,2025-10-13T14:07:50,20.5,83.3,1711.0,0.26,0.291,0.005,0.102,
1760382471.980887,2025-10-13T14:07:51,17.0,83.3,1711.0,0.083,1.794,0.0,0.001,
1760382473.017911,2025-10-13T14:07:53,15.6,83.3,1711.0,0.004,0.344,0.0,0.0,
1760382474.048368,2025-10-13T14:07:54,15.4,83.3,1711.0,0.09,1.143,0.0,0.0,
1760382475.0842998,2025-10-13T14:07:55,16.3,83.3,1711.0,0.123,9.646,0.0,0.0,
1760382476.1012874,2025-10-13T14:07:56,14.8,83.4,1711.0,0.066,0.25,0.0,0.0,
1760382477.1346047,2025-10-13T14:07:57,16.5,83.3,1711.0,0.0,0.209,0.0,0.0,
1760382478.166222,2025-10-13T14:07:58,19.4,83.4,1711.0,0.446,0.0,0.0,0.0,
1760382479.200401,2025-10-13T14:07:59,15.1,83.4,1711.0,0.0,0.369,0.0,0.0,
1760382480.2357326,2025-10-13T14:08:00,15.3,83.4,1711.0,0.0,0.95,0.001,0.002,
1760382481.2826912,2025-10-13T14:08:01,14.3,83.4,1711.0,0.0,0.246,0.0,0.001,
1760382482.3211484,2025-10-13T14:08:02,18.6,83.4,1711.0,0.0,0.135,0.006,0.009,
1760382483.3591895,2025-10-13T14:08:03,14.8,83.4,1466.0,0.0,0.221,0.0,0.003,
1760382484.3902676,2025-10-13T14:08:04,15.6,83.4,1711.0,0.0,0.225,0.0,0.0,
1760382485.422095,2025-10-13T14:08:05,17.0,83.4,1711.0,0.0,0.393,0.0,0.0,
1760382486.435638,2025-10-13T14:08:06,19.1,83.6,1466.0,0.0,0.0,0.001,0.001,
1760382487.4660685,2025-10-13T14:08:07,25.2,83.8,1711.0,0.0,0.41,0.012,0.007,
1760382488.500423,2025-10-13T14:08:08,16.2,83.8,1711.0,0.0,0.315,0.0,0.0,
1760382489.5383146,2025-10-13T14:08:09,15.1,83.7,1711.0,0.016,0.373,0.0,0.001,
1760382490.572198,2025-10-13T14:08:10,14.6,83.7,1711.0,0.0,0.0,0.0,0.001,
1760382491.5980132,2025-10-13T14:08:11,14.6,83.7,1711.0,0.016,0.344,0.0,0.001,
1760382492.6272445,2025-10-13T14:08:12,16.2,83.7,1466.0,0.0,0.299,0.0,0.0,
1760382493.646338,2025-10-13T14:08:13,15.0,83.7,1711.0,0.0,0.627,0.0,0.001,
1760382494.6815922,2025-10-13T14:08:14,18.7,83.8,1711.0,0.144,0.18,0.017,0.043,
1760382495.7223728,2025-10-13T14:08:15,17.0,83.7,1711.0,0.004,0.369,0.003,0.01,
1760382496.7553875,2025-10-13T14:08:16,29.4,83.9,1711.0,1.457,0.737,0.0,0.0,
1760382497.7813404,2025-10-13T14:08:17,24.4,83.9,1711.0,0.908,1.614,0.008,0.011,
1760382498.811834,2025-10-13T14:08:18,18.1,83.9,1711.0,0.0,0.147,0.001,0.004,
1760382499.8305116,2025-10-13T14:08:19,18.0,83.9,1711.0,1.097,0.59,0.045,0.046,
1760382500.865917,2025-10-13T14:08:20,19.7,83.9,1711.0,0.156,0.692,0.02,0.026,
1760382501.9000223,2025-10-13T14:08:21,23.6,84.0,1466.0,2.126,0.967,0.007,0.012,
1760382502.9288144,2025-10-13T14:08:22,28.3,84.1,1711.0,10.223,0.172,0.011,0.017,
1760382503.959834,2025-10-13T14:08:23,31.2,84.2,1711.0,0.394,5.022,0.006,0.006,
1760382504.990203,2025-10-13T14:08:24,18.5,84.1,1711.0,0.036,0.266,0.002,0.001,
1760382506.0168653,2025-10-13T14:08:26,14.6,84.1,1711.0,0.0,0.184,0.0,0.0,
1760382507.0538828,2025-10-13T14:08:27,16.8,84.0,1711.0,0.0,0.213,0.004,0.006,
1760382508.072103,2025-10-13T14:08:28,21.8,84.1,1711.0,0.434,1.556,0.0,0.0,
1760382509.1117685,2025-10-13T14:08:29,15.5,84.1,1711.0,0.0,0.971,0.0,0.0,
1760382510.1437538,2025-10-13T14:08:30,16.0,84.1,1711.0,0.0,0.659,0.0,0.0,
1760382511.1770809,2025-10-13T14:08:31,15.8,84.1,1711.0,0.0,0.184,0.164,0.01,
1760382512.2155418,2025-10-13T14:08:32,18.1,84.0,1711.0,0.0,0.311,0.004,0.005,
1760382513.2490363,2025-10-13T14:08:33,14.7,84.0,1711.0,0.0,0.455,0.0,0.003,
1760382514.279148,2025-10-13T14:08:34,15.5,84.0,1711.0,0.033,0.369,0.001,0.001,
1760382515.3191338,2025-10-13T14:08:35,14.4,84.0,1466.0,0.0,0.344,0.0,0.0,
1760382516.3349156,2025-10-13T14:08:36,20.5,84.0,1711.0,0.0,0.217,0.0,0.0,
1760382517.365823,2025-10-13T14:08:37,17.3,83.6,1711.0,0.0,0.43,0.0,0.0,
1760382518.384203,2025-10-13T14:08:38,13.5,83.6,1711.0,0.0,0.565,0.0,0.0,
1760382519.4208114,2025-10-13T14:08:39,16.1,83.6,1711.0,0.0,0.336,0.0,0.0,
1760382520.4606571,2025-10-13T14:08:40,13.5,83.6,1711.0,0.0,0.0,0.0,0.0,
1760382521.494966,2025-10-13T14:08:41,14.6,83.6,1711.0,0.0,0.283,0.006,0.006,
1760382522.542218,2025-10-13T14:08:42,16.1,83.6,1711.0,0.0,0.319,0.0,0.001,
1760382523.5852277,2025-10-13T14:08:43,14.1,83.6,1711.0,0.016,0.377,0.0,0.0,
1760382524.6203594,2025-10-13T14:08:44,16.4,83.6,1711.0,0.008,0.0,0.0,0.0,
1760382525.6496494,2025-10-13T14:08:45,15.6,83.6,1711.0,0.0,0.246,0.0,0.0,
1760382526.6826506,2025-10-13T14:08:46,17.7,83.6,1711.0,0.098,0.651,0.0,0.0,
1760382527.7182267,2025-10-13T14:08:47,17.2,83.6,1711.0,0.373,0.5,0.0,0.0,
1760382528.7593317,2025-10-13T14:08:48,17.2,83.6,1711.0,0.0,0.614,0.006,0.006,
1760382529.7973828,2025-10-13T14:08:49,15.5,83.6,1711.0,0.0,0.393,0.001,0.001,
1760382530.8339787,2025-10-13T14:08:50,15.2,83.6,1711.0,0.0,0.344,0.001,0.003,
1760382531.8654866,2025-10-13T14:08:51,16.4,83.6,1711.0,0.033,0.508,0.001,0.003,
1760382532.9055624,2025-10-13T14:08:52,15.7,83.6,1711.0,0.0,0.098,0.0,0.0,
1760382533.9466178,2025-10-13T14:08:53,14.5,83.6,1711.0,0.0,0.397,0.0,0.0,
1760382534.9860735,2025-10-13T14:08:54,17.5,83.6,1711.0,0.033,0.602,0.001,0.0,
1760382536.0211983,2025-10-13T14:08:56,15.1,83.6,1711.0,0.016,0.41,0.0,0.0,
1760382537.05309,2025-10-13T14:08:57,15.8,83.6,1711.0,0.0,0.061,0.0,0.0,
1760382538.0858831,2025-10-13T14:08:58,19.1,83.6,1711.0,0.106,0.262,0.0,0.0,
1760382539.1194417,2025-10-13T14:08:59,15.3,83.6,1711.0,0.0,0.36,0.0,0.0,
1760382540.1574154,2025-10-13T14:09:00,18.5,83.6,1711.0,0.115,1.249,0.0,0.0,
1760382541.1900527,2025-10-13T14:09:01,14.4,83.7,1711.0,0.0,0.0,0.0,0.0,
1760382542.2355182,2025-10-13T14:09:02,15.7,83.7,1711.0,0.066,0.406,0.0,0.002,
1760382543.2758121,2025-10-13T14:09:03,18.2,83.2,1711.0,1.196,3.494,0.0,0.003,
1760382544.3187177,2025-10-13T14:09:04,21.2,82.5,1711.0,0.016,8.589,0.0,0.0,
1760382545.3551884,2025-10-13T14:09:05,23.6,82.0,1711.0,0.049,9.613,0.001,0.001,
1760382546.384746,2025-10-13T14:09:06,20.5,82.0,1711.0,0.012,0.291,0.011,0.008,
1760382547.421103,2025-10-13T14:09:07,25.8,82.2,1711.0,0.016,0.692,0.006,0.005,
1760382548.443659,2025-10-13T14:09:08,17.7,82.2,1711.0,0.0,0.369,0.0,0.0,
1760382549.456977,2025-10-13T14:09:09,15.3,82.1,1711.0,0.0,0.487,0.001,0.0,
1760382550.481444,2025-10-13T14:09:10,15.6,82.1,1711.0,0.066,0.152,0.001,0.001,
1760382551.517573,2025-10-13T14:09:11,14.1,82.1,1711.0,0.0,0.36,0.001,0.001,
1760382552.5418,2025-10-13T14:09:12,18.4,82.2,1711.0,0.639,0.291,0.001,0.002,
1760382553.5781019,2025-10-13T14:09:13,14.8,82.2,1711.0,0.033,0.356,0.0,0.001,
1760382554.6156945,2025-10-13T14:09:14,14.6,82.2,1711.0,0.004,0.0,0.001,0.001,
1760382555.650324,2025-10-13T14:09:15,16.4,82.2,1711.0,0.016,0.41,0.0,0.0,
1760382556.685674,2025-10-13T14:09:16,15.1,82.2,1711.0,0.0,0.389,0.0,0.0,
1760382557.7248955,2025-10-13T14:09:17,15.1,82.2,1711.0,0.0,0.434,0.0,0.0,
1760382558.7940392,2025-10-13T14:09:18,25.6,82.3,1711.0,0.029,0.221,0.0,0.0,
1760382559.8237965,2025-10-13T14:09:19,34.3,82.4,1711.0,0.0,0.455,0.004,0.005,
1760382560.8563156,2025-10-13T14:09:20,15.1,82.4,1711.0,0.0,0.381,0.001,0.001,
1760382561.896776,2025-10-13T14:09:21,16.6,82.4,1711.0,0.0,0.459,0.0,0.001,
1760382562.933915,2025-10-13T14:09:22,15.4,82.4,1711.0,0.0,0.102,0.0,0.0,
1760382563.975462,2025-10-13T14:09:23,15.6,82.5,1711.0,0.0,0.36,0.0,0.0,
1760382565.019044,2025-10-13T14:09:25,17.4,82.5,1711.0,0.0,0.455,0.0,0.0,
1760382566.0531554,2025-10-13T14:09:26,17.4,82.4,1711.0,0.004,0.414,0.0,0.0,
1760382567.094479,2025-10-13T14:09:27,15.4,82.4,1711.0,0.0,0.0,0.0,0.0,
1760382568.1233623,2025-10-13T14:09:28,24.0,82.5,1711.0,0.086,0.459,0.0,0.0,
1760382569.154395,2025-10-13T14:09:29,15.2,82.3,1711.0,0.0,1.098,0.0,0.0,
1760382570.192895,2025-10-13T14:09:30,19.1,82.3,1711.0,0.0,0.475,0.001,0.001,
1760382571.2305944,2025-10-13T14:09:31,16.6,82.3,1711.0,0.0,1.7,0.005,0.072,
1760382572.2648702,2025-10-13T14:09:32,16.5,82.4,1711.0,0.0,0.131,0.0,0.003,
1760382573.303804,2025-10-13T14:09:33,14.2,82.3,1466.0,0.0,0.455,0.0,0.003,
1760382574.3314114,2025-10-13T14:09:34,16.4,82.4,1711.0,0.0,0.336,0.001,0.0,
1760382575.375614,2025-10-13T14:09:35,15.3,82.4,1711.0,0.0,0.451,0.001,0.0,
1760382576.4107258,2025-10-13T14:09:36,13.7,82.4,1711.0,0.0,0.147,0.0,0.0,
1760382577.4467971,2025-10-13T14:09:37,14.4,82.3,1711.0,0.0,0.422,0.0,0.0,
1760382578.4883583,2025-10-13T14:09:38,14.0,82.4,1711.0,0.0,0.446,0.0,0.0,
1760382579.5200782,2025-10-13T14:09:39,14.1,82.4,1711.0,0.0,0.365,0.0,0.0,
1760382580.5629644,2025-10-13T14:09:40,15.8,82.4,1711.0,0.0,0.111,0.0,0.0,
1760382581.5969899,2025-10-13T14:09:41,22.7,82.3,1466.0,0.0,0.586,0.007,0.007,
1760382582.6301436,2025-10-13T14:09:42,17.7,82.3,1711.0,0.033,1.339,0.0,0.0,
1760382583.667562,2025-10-13T14:09:43,18.7,82.3,1711.0,0.016,1.343,0.009,0.009,
1760382584.7028759,2025-10-13T14:09:44,19.2,82.3,1711.0,0.004,0.377,0.0,0.002,
1760382585.7377589,2025-10-13T14:09:45,19.2,82.3,1711.0,3.633,1.815,0.0,0.0,
1760382586.781475,2025-10-13T14:09:46,23.8,82.5,1711.0,0.677,1.868,0.0,0.001,
1760382587.8090541,2025-10-13T14:09:47,18.6,82.5,1711.0,0.049,1.532,0.0,0.0,
1760382588.8427613,2025-10-13T14:09:48,14.9,82.5,1711.0,0.0,0.209,0.0,0.0,
1760382589.8758945,2025-10-13T14:09:49,15.1,82.3,1711.0,0.0,0.963,0.001,0.001,
1760382590.911381,2025-10-13T14:09:50,14.3,82.3,1711.0,0.066,0.745,0.005,0.005,
1760382591.9529765,2025-10-13T14:09:51,17.6,82.3,1711.0,0.0,0.823,0.0,0.001,
1760382592.9715683,2025-10-13T14:09:52,16.6,82.3,1711.0,0.0,0.455,0.0,0.0,
1760382593.9996493,2025-10-13T14:09:53,15.3,82.3,1466.0,0.016,0.721,0.0,0.0,
1760382595.01259,2025-10-13T14:09:55,15.5,82.3,1711.0,0.0,1.184,0.0,0.0,
1760382596.0381444,2025-10-13T14:09:56,18.6,82.3,1711.0,0.045,1.737,2.023,0.036,
1760382597.0829406,2025-10-13T14:09:57,19.1,82.3,1711.0,0.225,2.105,1.464,0.067,
1760382598.122604,2025-10-13T14:09:58,23.1,82.3,1711.0,0.016,1.405,0.0,0.0,
1760382599.1462169,2025-10-13T14:09:59,17.7,82.4,1711.0,0.016,1.679,0.0,0.0,
1760382600.180602,2025-10-13T14:10:00,16.5,82.4,1711.0,0.0,2.118,0.001,0.001,
1760382601.226098,2025-10-13T14:10:01,17.6,82.4,1466.0,0.0,1.696,0.0,0.0,
1760382602.2525916,2025-10-13T14:10:02,18.0,82.4,1711.0,0.0,0.221,0.0,0.003,
1760382603.2877488,2025-10-13T14:10:03,17.8,82.5,1711.0,0.0,1.585,0.005,0.009,
1760382604.320687,2025-10-13T14:10:04,17.4,82.5,1711.0,0.0,1.876,0.0,0.0,
1760382605.3607855,2025-10-13T14:10:05,17.4,82.5,1466.0,0.016,1.741,0.001,0.0,
1760382606.3972955,2025-10-13T14:10:06,16.8,82.5,1466.0,0.0,0.082,0.0,0.0,
1760382607.4121823,2025-10-13T14:10:07,20.2,82.5,1711.0,0.0,1.614,0.01,0.006,
1760382608.424715,2025-10-13T14:10:08,20.6,82.5,1711.0,0.0,1.442,0.013,0.014,
1760382609.4371853,2025-10-13T14:10:09,17.9,82.6,1711.0,0.0,1.389,0.0,0.0,
1760382610.4736562,2025-10-13T14:10:10,18.3,82.6,1466.0,0.0,0.143,0.001,0.0,
1760382611.4945204,2025-10-13T14:10:11,19.5,82.6,1711.0,0.016,1.597,0.0,0.001,
1760382612.5318732,2025-10-13T14:10:12,20.3,82.6,1711.0,0.033,1.45,0.0,0.0,
1760382613.5689154,2025-10-13T14:10:13,20.0,82.6,1711.0,0.0,1.503,0.0,0.0,
1760382614.6001563,2025-10-13T14:10:14,20.8,82.6,1711.0,0.012,0.045,0.001,0.001,
1760382615.6320944,2025-10-13T14:10:15,18.9,82.6,1711.0,0.0,1.319,0.0,0.001,
1760382616.647035,2025-10-13T14:10:16,15.3,82.6,1711.0,0.184,1.241,0.0,0.0,
1760382617.681885,2025-10-13T14:10:17,12.7,82.6,1711.0,0.049,1.29,0.0,0.0,
1760382618.7308173,2025-10-13T14:10:18,14.8,82.6,1711.0,0.0,0.066,0.0,0.0,
1760382619.7672462,2025-10-13T14:10:19,16.1,82.6,1711.0,0.09,0.582,0.006,0.013,
1760382620.8030474,2025-10-13T14:10:20,15.1,82.6,1711.0,0.0,0.43,0.0,0.0,
1760382621.8423932,2025-10-13T14:10:21,14.3,82.6,1711.0,0.049,0.52,0.004,0.007,
1760382622.8859854,2025-10-13T14:10:22,13.2,82.6,1711.0,0.0,0.115,0.0,0.0,
1760382623.925459,2025-10-13T14:10:23,16.2,82.6,1711.0,0.0,0.324,0.0,0.0,
1760382624.9601626,2025-10-13T14:10:24,19.8,82.5,1711.0,0.0,0.373,0.0,0.0,
1760382625.9982464,2025-10-13T14:10:25,15.0,82.5,1711.0,0.0,0.336,0.007,0.007,
1760382627.042402,2025-10-13T14:10:27,14.2,82.5,1711.0,0.0,0.0,0.0,0.0,
1760382628.07307,2025-10-13T14:10:28,20.5,82.5,1711.0,0.0,0.303,0.0,0.0,
1760382629.1154735,2025-10-13T14:10:29,14.8,82.5,1711.0,0.0,0.537,0.0,0.0,
1760382630.160362,2025-10-13T14:10:30,13.8,82.5,1711.0,0.0,0.299,0.0,0.0,
1760382631.2026536,2025-10-13T14:10:31,17.8,82.5,1711.0,0.0,0.274,0.002,0.006,
1760382632.2411351,2025-10-13T14:10:32,15.8,82.5,1711.0,0.0,0.041,0.0,0.003,
1760382633.2817714,2025-10-13T14:10:33,14.2,82.5,1711.0,0.0,0.451,0.011,0.014,
1760382634.3289557,2025-10-13T14:10:34,17.2,82.5,1466.0,0.0,0.311,0.0,0.0,
1760382635.3738923,2025-10-13T14:10:35,19.1,82.5,1711.0,0.0,0.324,0.0,0.0,
1760382636.4077983,2025-10-13T14:10:36,17.6,82.5,1466.0,0.0,0.004,0.001,0.0,
1760382637.450571,2025-10-13T14:10:37,13.4,82.5,1711.0,0.0,0.446,0.0,0.0,
1760382638.4960792,2025-10-13T14:10:38,16.6,82.5,1711.0,0.0,0.266,0.0,0.0,
1760382639.5333085,2025-10-13T14:10:39,13.1,82.5,1711.0,0.0,0.266,0.0,0.0,
1760382640.5758553,2025-10-13T14:10:40,15.8,82.5,1711.0,0.0,0.029,0.001,0.001,
1760382641.604101,2025-10-13T14:10:41,14.7,82.5,1711.0,0.0,0.213,0.0,0.001,
1760382642.6401727,2025-10-13T14:10:42,15.7,82.5,1466.0,0.0,0.344,0.0,0.0,
1760382643.6745985,2025-10-13T14:10:43,13.8,82.5,1711.0,0.0,0.373,0.0,0.0,
1760382644.7145932,2025-10-13T14:10:44,14.9,82.5,1711.0,0.008,0.029,0.008,0.004,
1760382645.7559206,2025-10-13T14:10:45,16.2,82.5,1711.0,0.0,0.283,0.0,0.001,
1760382646.7890227,2025-10-13T14:10:46,18.1,82.6,1711.0,0.066,0.561,0.0,0.001,
1760382647.8266706,2025-10-13T14:10:47,18.8,82.5,1711.0,0.0,0.885,0.005,0.009,
1760382648.8684282,2025-10-13T14:10:48,16.0,82.5,1711.0,0.0,0.094,0.001,0.005,
1760382649.9004724,2025-10-13T14:10:49,14.9,82.5,1711.0,0.0,0.451,0.004,0.001,
1760382650.938254,2025-10-13T14:10:50,14.7,82.6,1711.0,0.016,0.369,0.001,0.001,
1760382651.9742732,2025-10-13T14:10:51,14.9,82.6,1711.0,0.0,0.446,0.0,0.001,
1760382653.015072,2025-10-13T14:10:53,15.3,82.5,1711.0,0.0,0.52,0.004,0.005,
1760382654.0475674,2025-10-13T14:10:54,14.9,82.6,1711.0,0.0,0.0,0.0,0.0,
1760382655.0866933,2025-10-13T14:10:55,14.8,82.5,1711.0,0.0,0.242,0.001,0.001,
1760382656.1297095,2025-10-13T14:10:56,15.2,82.5,1466.0,0.0,0.324,0.0,0.0,
1760382657.1655881,2025-10-13T14:10:57,17.5,82.5,1466.0,0.0,0.34,0.0,0.0,
1760382658.19825,2025-10-13T14:10:58,22.5,82.5,1711.0,0.0,0.033,0.0,0.0,
1760382659.2342384,2025-10-13T14:10:59,15.2,82.5,1711.0,0.0,0.762,0.0,0.0,
1760382660.2781308,2025-10-13T14:11:00,17.6,82.5,1466.0,0.0,0.41,0.001,0.0,
1760382661.311708,2025-10-13T14:11:01,15.9,82.5,1711.0,0.016,0.336,0.0,0.001,
1760382662.3524683,2025-10-13T14:11:02,15.2,82.6,1711.0,0.0,0.029,0.0,0.003,
1760382663.3867393,2025-10-13T14:11:03,14.5,82.6,1711.0,0.0,0.27,0.008,0.01,
1760382664.4270694,2025-10-13T14:11:04,17.4,82.5,1711.0,0.066,0.553,0.008,0.008,
1760382665.4678845,2025-10-13T14:11:05,16.3,82.5,1711.0,0.0,0.266,0.0,0.0,
1760382666.511617,2025-10-13T14:11:06,13.5,82.5,1711.0,0.0,0.057,0.0,0.0,
1760382667.5484722,2025-10-13T14:11:07,17.5,82.5,1711.0,0.0,0.332,0.008,0.007,
1760382668.5893085,2025-10-13T14:11:08,18.7,82.5,1711.0,0.0,0.307,0.0,0.0,
1760382669.6280181,2025-10-13T14:11:09,14.4,82.5,1466.0,0.0,0.324,0.0,0.001,
1760382670.6591818,2025-10-13T14:11:10,15.0,82.5,1466.0,0.0,0.774,0.001,0.001,
1760382671.6977334,2025-10-13T14:11:11,16.1,82.5,1711.0,0.0,1.176,0.001,0.001,
1760382672.738074,2025-10-13T14:11:12,16.0,82.5,1711.0,0.0,3.26,0.0,0.001,
1760382673.7787242,2025-10-13T14:11:13,16.2,82.5,1711.0,0.016,3.658,0.0,0.001,
1760382674.814205,2025-10-13T14:11:14,17.6,82.5,1711.0,0.0,2.114,0.001,0.001,
1760382675.8290992,2025-10-13T14:11:15,15.9,82.5,1711.0,0.0,1.815,0.0,0.001,
1760382676.8635507,2025-10-13T14:11:16,16.7,82.5,1711.0,0.016,6.959,0.0,0.001,
1760382677.8972073,2025-10-13T14:11:17,15.7,82.5,1711.0,0.0,2.351,0.007,0.005,
1760382678.9234214,2025-10-13T14:11:18,15.2,82.5,1711.0,0.016,1.503,0.0,0.0,
1760382679.961595,2025-10-13T14:11:19,17.0,82.6,1711.0,0.016,0.352,0.0,0.0,
1760382680.9776728,2025-10-13T14:11:20,21.8,82.7,1711.0,0.0,1.454,0.0,0.0,
1760382682.014282,2025-10-13T14:11:22,16.3,82.7,1711.0,0.311,1.933,0.0,0.001,
1760382683.0464504,2025-10-13T14:11:23,15.8,82.7,1711.0,0.0,0.348,0.0,0.0,
1760382684.0821116,2025-10-13T14:11:24,14.5,82.7,1711.0,0.0,0.045,0.006,0.007,
1760382685.1196783,2025-10-13T14:11:25,15.0,82.7,1711.0,0.0,0.188,0.001,0.0,
1760382686.1514482,2025-10-13T14:11:26,17.8,82.6,1466.0,0.0,0.172,0.001,0.0,
1760382687.1958168,2025-10-13T14:11:27,17.3,82.6,1711.0,0.012,0.373,0.0,0.0,
1760382688.2278163,2025-10-13T14:11:28,21.5,82.6,1711.0,0.025,0.0,0.0,0.0,
1760382689.2593741,2025-10-13T14:11:29,16.6,82.6,1711.0,0.0,0.123,0.0,0.0,
1760382690.294272,2025-10-13T14:11:30,19.0,82.6,1711.0,0.0,0.61,0.0,0.001,
1760382691.3289773,2025-10-13T14:11:31,23.6,82.5,1711.0,0.119,0.492,0.001,0.0,
1760382692.3592658,2025-10-13T14:11:32,23.6,81.9,1711.0,0.0,2.351,0.0,0.002,
1760382693.3858933,2025-10-13T14:11:33,16.8,81.8,1466.0,0.0,0.258,0.0,0.001,
1760382694.414777,2025-10-13T14:11:34,18.5,81.7,1711.0,0.0,0.131,0.0,0.0,
1760382695.4555416,2025-10-13T14:11:35,16.3,81.7,1711.0,0.0,0.291,0.001,0.001,
1760382696.4972804,2025-10-13T14:11:36,15.3,81.7,1711.0,0.0,0.0,0.001,0.0,
1760382697.5386622,2025-10-13T14:11:37,17.1,81.7,1711.0,0.0,0.147,0.004,0.008,
1760382698.570354,2025-10-13T14:11:38,15.7,81.7,1711.0,0.0,0.098,0.0,0.0,
1760382699.6042802,2025-10-13T14:11:39,15.0,81.7,1711.0,0.0,0.127,0.0,0.0,
1760382700.6469102,2025-10-13T14:11:40,14.9,81.7,1711.0,0.0,0.0,0.001,0.0,
1760382701.686015,2025-10-13T14:11:41,24.1,81.9,1711.0,0.0,0.119,0.0,0.001,
1760382702.7125823,2025-10-13T14:11:42,15.0,81.9,1711.0,0.0,0.225,0.0,0.0,
1760382703.7467139,2025-10-13T14:11:43,15.2,81.9,1711.0,0.0,0.094,0.0,0.0,
1760382704.7822835,2025-10-13T14:11:44,16.0,81.9,1711.0,0.004,0.0,0.0,0.0,
1760382705.821451,2025-10-13T14:11:45,16.0,81.9,1711.0,0.0,0.721,0.0,0.0,
1760382706.8572466,2025-10-13T14:11:46,16.4,81.9,1711.0,0.0,0.111,0.009,0.006,
1760382707.8969057,2025-10-13T14:11:47,17.0,81.9,1711.0,0.0,0.066,0.007,0.009,
1760382708.9262354,2025-10-13T14:11:48,16.8,81.9,1711.0,0.0,0.131,0.0,0.001,
1760382709.9591215,2025-10-13T14:11:49,14.7,81.9,1711.0,0.0,0.0,0.0,0.0,
1760382710.9994147,2025-10-13T14:11:50,16.0,81.9,1711.0,0.0,0.049,0.001,0.001,
1760382712.0331142,2025-10-13T14:11:52,18.3,81.9,1711.0,0.197,0.172,0.0,0.001,
1760382713.0671332,2025-10-13T14:11:53,15.7,81.9,1711.0,0.0,0.139,0.0,0.0,
1760382714.1046143,2025-10-13T14:11:54,15.1,81.9,1711.0,0.0,0.053,0.0,0.0,
1760382715.1467152,2025-10-13T14:11:55,15.5,81.9,1711.0,0.0,0.094,0.005,0.005,
1760382716.1863961,2025-10-13T14:11:56,16.3,81.8,1711.0,0.0,0.09,0.001,0.0,
1760382717.2241163,2025-10-13T14:11:57,18.7,81.8,1466.0,0.0,0.217,0.0,0.0,
1760382718.2540298,2025-10-13T14:11:58,20.7,81.8,1711.0,0.0,0.0,0.0,0.0,
1760382719.287755,2025-10-13T14:11:59,17.5,81.8,1711.0,0.0,0.197,0.0,0.0,
1760382720.322847,2025-10-13T14:12:00,15.4,81.8,1711.0,0.0,0.291,0.0,0.001,
1760382721.3521495,2025-10-13T14:12:01,15.6,81.8,1711.0,0.0,0.283,0.0,0.0,
1760382722.3874242,2025-10-13T14:12:02,18.4,81.8,1711.0,0.754,0.0,0.0,0.003,
1760382723.4275558,2025-10-13T14:12:03,19.3,81.8,1711.0,0.033,0.131,0.0,0.002,
1760382724.4616122,2025-10-13T14:12:04,16.2,81.8,1711.0,0.0,0.164,0.004,0.005,
1760382725.5006557,2025-10-13T14:12:05,15.3,81.8,1711.0,0.0,0.094,0.0,0.0,
1760382726.5348647,2025-10-13T14:12:06,15.8,81.8,1711.0,0.0,0.0,0.001,0.0,
1760382727.565671,2025-10-13T14:12:07,15.8,81.9,1711.0,0.0,0.168,0.016,0.012,
1760382728.5990791,2025-10-13T14:12:08,14.8,81.9,1711.0,0.0,0.152,0.0,0.0,
1760382729.6362724,2025-10-13T14:12:09,14.9,81.8,1711.0,0.0,0.061,0.0,0.0,
1760382730.676032,2025-10-13T14:12:10,17.9,81.9,1711.0,0.0,0.0,0.006,0.001,
1760382731.7110643,2025-10-13T14:12:11,15.1,81.9,1711.0,0.0,0.127,0.003,0.003,
1760382732.7445855,2025-10-13T14:12:12,14.6,81.9,1711.0,0.0,0.057,0.0,0.0,
1760382733.7848868,2025-10-13T14:12:13,16.4,81.9,1711.0,0.0,0.176,0.0,0.0,
1760382734.8198857,2025-10-13T14:12:14,15.9,81.8,1711.0,0.016,0.025,0.0,0.0,
1760382735.849642,2025-10-13T14:12:15,15.9,81.8,1711.0,0.213,0.496,0.001,0.001,
1760382736.8960466,2025-10-13T14:12:16,15.6,81.8,1711.0,0.0,0.258,0.0,0.0,
1760382737.9337015,2025-10-13T14:12:17,16.0,81.8,1711.0,0.0,0.123,0.004,0.001,
1760382738.9666204,2025-10-13T14:12:18,16.2,81.9,1711.0,0.0,0.135,0.0,0.001,
1760382740.0042825,2025-10-13T14:12:20,16.1,81.9,1711.0,0.0,0.0,0.0,0.001,
1760382741.0414486,2025-10-13T14:12:21,16.8,81.9,1711.0,0.066,0.07,0.007,0.007,
1760382742.0789275,2025-10-13T14:12:22,16.0,81.9,1711.0,0.0,0.057,0.0,0.001,
1760382743.1146011,2025-10-13T14:12:23,15.1,81.8,1711.0,0.0,0.176,0.0,0.0,
1760382744.1560779,2025-10-13T14:12:24,15.8,81.8,1711.0,0.0,0.0,0.004,0.001,
1760382745.194401,2025-10-13T14:12:25,18.3,81.8,1711.0,0.0,0.115,0.0,0.0,
1760382746.2283442,2025-10-13T14:12:26,18.6,81.8,1711.0,0.0,0.049,0.004,0.005,
1760382747.2618437,2025-10-13T14:12:27,18.2,81.8,1711.0,0.0,0.115,0.0,0.0,
1760382748.2906718,2025-10-13T14:12:28,21.7,81.9,1711.0,0.0,0.025,0.0,0.0,
1760382749.327906,2025-10-13T14:12:29,20.8,81.9,1711.0,0.0,0.397,0.0,0.0,
1760382750.3605573,2025-10-13T14:12:30,18.7,82.0,1711.0,0.0,0.254,0.008,0.009,
1760382751.389897,2025-10-13T14:12:31,17.6,82.2,1711.0,0.0,0.143,0.004,0.001,
1760382752.4178743,2025-10-13T14:12:32,23.0,82.4,1466.0,0.0,0.057,0.001,0.008,
1760382753.4445302,2025-10-13T14:12:33,28.2,82.2,1711.0,0.0,0.201,0.0,0.003,
1760382754.474277,2025-10-13T14:12:34,28.1,82.2,1466.0,0.0,0.143,0.009,0.026,
1760382755.50637,2025-10-13T14:12:35,25.2,82.2,1466.0,0.0,0.266,0.009,0.01,
1760382756.54145,2025-10-13T14:12:36,19.8,82.3,1711.0,0.0,0.004,0.001,0.001,
1760382757.5815527,2025-10-13T14:12:37,17.4,82.3,1711.0,0.0,0.188,0.0,0.0,
1760382758.614317,2025-10-13T14:12:38,16.5,82.3,1711.0,0.0,0.16,0.0,0.0,
1760382759.6516314,2025-10-13T14:12:39,16.0,82.3,1711.0,0.016,0.696,0.0,0.0,
1760382760.68285,2025-10-13T14:12:40,14.2,82.3,1711.0,0.0,0.0,0.0,0.0,
1760382761.7244768,2025-10-13T14:12:41,14.7,82.3,1711.0,0.0,0.147,0.004,0.005,
1760382762.770039,2025-10-13T14:12:42,15.6,82.2,1711.0,0.0,0.119,0.0,0.0,
1760382763.8012626,2025-10-13T14:12:43,14.4,82.2,1711.0,0.0,0.053,0.0,0.0,
1760382764.8431213,2025-10-13T14:12:44,15.3,82.2,1711.0,0.004,0.115,0.0,0.0,
1760382765.8840053,2025-10-13T14:12:45,15.1,82.2,1711.0,0.0,0.0,0.0,0.0,
1760382766.9187167,2025-10-13T14:12:46,16.1,82.2,1711.0,0.0,0.229,0.005,0.002,
1760382767.9578369,2025-10-13T14:12:47,17.1,82.2,1711.0,0.0,0.324,0.0,0.0,
1760382768.9884202,2025-10-13T14:12:48,16.3,82.2,1711.0,0.0,0.057,0.0,0.0,
1760382770.0297823,2025-10-13T14:12:50,16.4,82.2,1711.0,0.0,0.201,0.0,0.001,
1760382771.0680323,2025-10-13T14:12:51,15.0,82.2,1711.0,0.0,0.127,0.0,0.001,
1760382772.103917,2025-10-13T14:12:52,20.2,82.2,1711.0,4.48,0.135,0.0,0.001,
1760382773.1385596,2025-10-13T14:12:53,22.4,82.2,1711.0,5.894,0.102,0.0,0.0,
1760382774.1818554,2025-10-13T14:12:54,21.0,82.3,1711.0,6.119,0.0,0.0,0.0,
1760382775.2219882,2025-10-13T14:12:55,21.7,82.3,1711.0,5.964,0.221,0.0,0.0,
1760382776.2573934,2025-10-13T14:12:56,20.7,81.3,1711.0,3.654,0.18,0.001,0.0,
1760382777.2880056,2025-10-13T14:12:57,16.8,81.3,1711.0,0.004,0.164,0.005,0.006,
1760382778.3169205,2025-10-13T14:12:58,21.4,81.3,1711.0,0.0,0.795,0.0,0.0,
1760382779.3462536,2025-10-13T14:12:59,19.7,81.3,1711.0,0.0,0.139,0.0,0.0,
1760382780.3829417,2025-10-13T14:13:00,16.9,81.3,1711.0,0.0,0.229,0.008,0.008,
1760382781.4198797,2025-10-13T14:13:01,15.2,81.3,1711.0,0.016,0.086,0.0,0.0,
1760382782.4529874,2025-10-13T14:13:02,15.5,81.3,1711.0,0.0,0.0,0.0,0.003,
1760382783.4919972,2025-10-13T14:13:03,15.0,81.3,1711.0,0.0,0.401,0.0,0.002,
1760382784.5264277,2025-10-13T14:13:04,17.8,81.3,1711.0,0.0,0.045,0.0,0.0,
1760382785.5656414,2025-10-13T14:13:05,18.4,81.2,1711.0,0.0,0.152,0.0,0.0,
1760382786.6035533,2025-10-13T14:13:06,17.5,81.2,1711.0,0.868,0.086,0.0,0.0,
1760382787.641121,2025-10-13T14:13:07,32.9,81.7,1466.0,0.0,0.164,0.002,0.005,
1760382788.6676202,2025-10-13T14:13:08,18.2,81.8,1711.0,0.004,0.287,0.0,0.0,
1760382789.7113154,2025-10-13T14:13:09,22.0,81.9,1711.0,0.049,0.262,0.0,0.0,
1760382790.748277,2025-10-13T14:13:10,20.4,81.9,1711.0,0.0,0.143,0.001,0.001,
1760382791.7883892,2025-10-13T14:13:11,25.2,81.9,1711.0,1.437,0.037,0.0,0.001,
1760382792.8149273,2025-10-13T14:13:12,19.0,81.9,1711.0,0.066,0.127,0.001,0.005,
1760382793.8501616,2025-10-13T14:13:13,16.6,81.9,1711.0,0.0,0.143,0.002,0.002,
1760382794.8839486,2025-10-13T14:13:14,24.4,82.0,1711.0,1.596,0.557,0.001,0.001,
1760382795.9191515,2025-10-13T14:13:15,18.2,82.0,1466.0,0.0,0.0,0.002,0.006,
1760382796.9508905,2025-10-13T14:13:16,16.5,81.9,1711.0,0.16,0.594,0.001,0.001,
1760382797.9877646,2025-10-13T14:13:17,16.0,81.8,1711.0,0.0,0.225,0.0,0.001,
1760382799.0236804,2025-10-13T14:13:19,14.9,81.8,1711.0,0.0,0.193,0.0,0.0,
1760382800.0415742,2025-10-13T14:13:20,45.5,82.8,1711.0,0.197,0.0,0.0,0.0,
1760382801.0674605,2025-10-13T14:13:21,17.2,82.6,1711.0,0.0,0.119,0.0,0.002,
1760382802.095493,2025-10-13T14:13:22,30.4,82.7,1711.0,0.0,0.16,0.001,0.003,
1760382803.1663454,2025-10-13T14:13:23,30.2,82.7,1711.0,0.0,0.184,0.021,0.02,
1760382804.1979744,2025-10-13T14:13:24,27.1,82.7,1711.0,0.0,0.0,0.0,0.0,
1760382805.2464352,2025-10-13T14:13:25,24.9,82.7,1711.0,0.0,0.139,0.0,0.0,
1760382806.2858188,2025-10-13T14:13:26,26.2,82.2,1711.0,0.0,1.593,0.001,0.001,
1760382807.3153324,2025-10-13T14:13:27,27.2,81.9,1711.0,0.0,0.197,0.004,0.005,
1760382808.3442469,2025-10-13T14:13:28,31.8,81.5,1711.0,0.0,0.582,0.007,0.005,
1760382809.3714027,2025-10-13T14:13:29,24.5,81.3,1711.0,0.0,0.123,0.0,0.0,
1760382810.3994021,2025-10-13T14:13:30,31.4,81.4,1711.0,0.066,0.647,0.01,0.012,
1760382811.4318855,2025-10-13T14:13:31,23.2,81.3,1711.0,0.0,0.168,0.001,0.001,
1760382812.4743147,2025-10-13T14:13:32,18.3,81.4,1711.0,0.0,0.0,0.003,0.005,
1760382813.5087168,2025-10-13T14:13:33,19.9,81.4,1711.0,0.0,0.229,0.011,0.01,
1760382814.547973,2025-10-13T14:13:34,24.0,81.7,1711.0,0.0,0.36,0.001,0.0,
1760382815.5749855,2025-10-13T14:13:35,24.0,81.6,1711.0,0.0,0.229,0.0,0.0,
1760382816.6058433,2025-10-13T14:13:36,24.4,81.4,1711.0,0.0,0.123,0.003,0.003,
1760382817.641646,2025-10-13T14:13:37,17.3,81.4,1711.0,0.0,0.098,0.0,0.0,
1760382818.6788893,2025-10-13T14:13:38,17.4,81.2,1711.0,0.111,0.074,0.004,0.005,
1760382819.7122126,2025-10-13T14:13:39,14.6,81.2,1711.0,0.0,0.111,0.0,0.0,
1760382820.75051,2025-10-13T14:13:40,17.0,80.9,1711.0,0.0,0.078,0.013,0.021,
